timestamp,close,signal,position,asset_return,strategy_return,turnover,equity
2017-02-09,86.85202454440363,-1.0,0.0,0.0,0.0,0.0,1.0
2017-02-10,87.17769898166927,-1.0,-1.0,0.0037497621842899065,-0.004249762184289907,1.0,0.9957502378157101
2017-02-13,86.59156855305334,-1.0,-1.0,-0.006723398707038308,0.006723398707038308,0.0,1.0024450636771733
2017-02-14,85.86157165461925,-1.0,-1.0,-0.008430346171484637,0.008430346171484637,0.0,1.0108960225818677
2017-02-15,86.25351367018436,1.0,-1.0,0.004564812965941245,-0.004564812965941245,0.0,1.0062814713107675
2017-02-16,85.79474821648108,1.0,1.0,-0.005318803074591316,-0.006318803074591316,2.0,0.9999229768559448
2017-02-17,86.10597965235971,1.0,1.0,0.003627628058227028,0.003627628058227028,0.0,1.0035503255028533
2017-02-20,86.45319819756259,1.0,1.0,0.004032455662251522,0.004032455662251522,0.0,1.0075970976952817
2017-02-21,85.11900190452366,-1.0,1.0,-0.015432584575876818,-0.015432584575876818,0.0,0.9920472702666913
2017-02-22,84.57333433420706,1.0,-1.0,-0.006410643429873186,0.005410643429873186,2.0,0.9974148843116835
2017-02-23,86.29596406246594,1.0,1.0,0.02036847360719629,0.01936847360719629,2.0,1.0167332881738989
2017-02-24,84.93752766402513,-1.0,1.0,-0.015741598268228407,-0.015741598268228407,0.0,1.0007282812055305
2017-02-27,82.5017940742382,1.0,-1.0,-0.028676765815713323,0.027676765815713322,2.0,1.0284252034896173
2017-02-28,80.4193956257041,1.0,1.0,-0.025240644423565994,-0.026240644423565995,2.0,1.0014386634086128
2017-03-01,80.47100292288816,1.0,1.0,0.0006417269961125349,0.0006417269961125349,0.0,1.0020813136338729
2017-03-02,80.52466023468206,1.0,1.0,0.000666790643150339,0.000666790643150339,0.0,1.0027494920774798
2017-03-03,80.41266091223619,1.0,1.0,-0.0013908698542713926,-0.0013908698542713926,0.0,1.0013547980375632
2017-03-06,81.79669361317605,1.0,1.0,0.0172116266921003,0.0172116266921003,0.0,1.0185897430077293
2017-03-07,78.84098013790944,1.0,1.0,-0.036134877153402356,-0.036134877153402356,0.0,0.9817831277744293
2017-03-08,79.29365692981645,1.0,1.0,0.005741643382859873,0.005741643382859873,0.0,0.9874201763734188
2017-03-09,81.04752669023937,1.0,1.0,0.022118664068871086,0.022118664068871086,0.0,1.009260591549448
2017-03-10,79.80963646022346,0.0,1.0,-0.015273633639026118,-0.015273633639026118,0.0,0.9938455150278148
2017-03-13,79.15916341954231,1.0,0.0,-0.008150307024707981,-0.0005,1.0,0.9933485922703009
2017-03-14,77.8671434821068,1.0,1.0,-0.016321798786425146,-0.016821798786425146,1.0,0.9766386821263512
2017-03-15,76.35633696554845,1.0,1.0,-0.019402362138859264,-0.019402362138859264,0.0,0.9576895847369175
2017-03-16,75.82398111341237,1.0,1.0,-0.00697199306949825,-0.00697199306949825,0.0,0.951012579589401
2017-03-17,78.28105735588183,1.0,1.0,0.03240500177370431,0.03240500177370431,0.0,0.9818301439178106
2017-03-20,81.55566574496149,1.0,1.0,0.04183142767467496,0.04183142767467496,0.0,1.0229015005719242
2017-03-21,80.96968371889072,0.0,1.0,-0.007185056007061874,-0.007185056007061874,0.0,1.0155518960006074
2017-03-22,84.48344089855915,-1.0,0.0,0.04339596029382342,-0.0005,1.0,1.015044120052607
2017-03-23,84.57024700473066,-1.0,-1.0,0.0010274925505904253,-0.0015274925505904253,1.0,1.0134936477207062
2017-03-24,87.9445767863232,-1.0,-1.0,0.039899727162955756,-0.039899727162955756,0.0,0.9730555276952612
2017-03-27,87.78372382945336,-1.0,-1.0,-0.001829026447652926,0.001829026447652926,0.0,0.9748352719904505
2017-03-28,88.06016429928015,-1.0,-1.0,0.003149108488082142,-0.003149108488082142,0.0,0.9717654099609435
2017-03-29,88.79784320704748,-1.0,-1.0,0.008376987638363476,-0.008376987638363476,0.0,0.9636249431343115
2017-03-30,95.30555422103633,-1.0,-1.0,0.0732868139467644,-0.0732868139467644,0.0,0.8930039412123657
2017-03-31,97.14478750122957,-1.0,-1.0,0.01929828009737622,-0.01929828009737622,0.0,0.8757705010267886
2017-04-03,95.65593961950223,-1.0,-1.0,-0.01532607070357217,0.01532607070357217,0.0,0.8891926216456281
2017-04-04,97.75676110294374,-1.0,-1.0,0.021962269063459106,-0.021962269063459106,0.0,0.8696639340398042
2017-04-05,96.99866493115215,-1.0,-1.0,-0.007754923170922856,0.007754923170922856,0.0,0.8764081110328055
2017-04-06,95.97383773725237,-1.0,-1.0,-0.010565374220636747,0.010565374220636747,0.0,0.8856676906958685
2017-04-07,97.95037530674875,-1.0,-1.0,0.020594545514659446,-0.020594545514659446,0.0,0.8674277671289691
2017-04-10,98.0412550946697,-1.0,-1.0,0.0009278145962823281,-0.0009278145962823281,0.0,0.8666229549854062
2017-04-11,98.67223249997002,-1.0,-1.0,0.00643583565603123,-0.00643583565603123,0.0,0.861045512071376
2017-04-12,98.72633968111575,-1.0,-1.0,0.0005483526598604183,-0.0005483526598604183,0.0,0.8605733554745708
2017-04-13,99.48961213263303,-1.0,-1.0,0.007731193661009161,-0.007731193661009161,0.0,0.8539200962038924
2017-04-14,100.45546463072934,-1.0,-1.0,0.00970807381185379,-0.00970807381185379,0.0,0.8456301768805198
2017-04-17,96.2551467960309,-1.0,-1.0,-0.04181273612280478,0.04181273612280478,0.0,0.8809882883239056
2017-04-18,97.71167656365344,-1.0,-1.0,0.015131967651651923,-0.015131967651651923,0.0,0.867657202043504
2017-04-19,95.62974824224646,-1.0,-1.0,-0.021306852923055897,0.021306852923055897,0.0,0.8861442464350751
2017-04-20,92.64181646867155,-1.0,-1.0,-0.03124479388993029,0.03124479388993029,0.0,0.9138316407716865
2017-04-21,92.54393555206477,-1.0,-1.0,-0.0010565522173228148,0.0010565522173228148,0.0,0.9147971516180036
2017-04-24,92.73850825753769,-1.0,-1.0,0.0021024900693082937,-0.0021024900693082937,0.0,0.9128737996912952
2017-04-25,91.34505433269143,-1.0,-1.0,-0.015025623670553268,0.015025623670553268,0.0,0.9265902978641647
2017-04-26,93.06605103374885,1.0,-1.0,0.018840611718170308,-0.018840611718170308,0.0,0.9091327698402822
2017-04-27,90.35860772658359,-1.0,1.0,-0.029091631987086863,-0.030091631987086864,2.0,0.8817754811028475
2017-04-28,89.56824442366602,1.0,-1.0,-0.00874696194201141,0.007746961942011411,2.0,0.8886065621963501
2017-05-01,88.43519179853891,1.0,1.0,-0.012650160025105106,-0.013650160025105107,2.0,0.8764769404230115
2017-05-02,88.36492021362136,1.0,1.0,-0.00079461109868606,-0.00079461109868606,0.0,0.875780482118409
2017-05-03,88.93419098751698,1.0,1.0,0.006442271124326382,0.006442271124326382,0.0,0.881422497429609
2017-05-04,86.98936162477732,1.0,1.0,-0.02186818524061962,-0.02186818524061962,0.0,0.8621473869805687
2017-05-05,88.41875513578344,1.0,1.0,0.016431819757129817,0.016431819757129817,0.0,0.8763140374475139
2017-05-08,88.56344729654026,1.0,1.0,0.0016364419577568068,0.0016364419577568068,0.0,0.8777480745065643
2017-05-09,84.94512435408892,1.0,1.0,-0.04085571477740679,-0.04085571477740679,0.0,0.8418870495281061
2017-05-10,81.35431753434611,1.0,1.0,-0.04227207679130274,-0.04227207679130274,0.0,0.8062987355208507
2017-05-11,81.3514643480934,1.0,1.0,-3.507111041156641e-05,-3.507111041156641e-05,0.0,0.8062704577288726
2017-05-12,80.9731176435752,1.0,1.0,-0.004650766984344745,-0.004650766984344745,0.0,0.8025206817036147
2017-05-15,80.80687794589971,1.0,1.0,-0.0020530233059227188,-0.0020530233059227188,0.0,0.8008730880405922
2017-05-16,80.7759844828998,1.0,1.0,-0.00038231229550278467,-0.00038231229550278467,0.0,0.800566904411897
2017-05-17,81.20033231573511,1.0,1.0,0.0052533910363561365,0.0052533910363561365,0.0,0.8047725954115379
2017-05-18,82.94440279985913,1.0,1.0,0.021478612640924544,0.021478612640924544,0.0,0.8220579942524138
2017-05-19,80.94509508187768,0.0,1.0,-0.02410419088561877,-0.02410419088561877,0.0,0.8022429514399047
2017-05-22,78.88743651974576,1.0,0.0,-0.02542042306640757,-0.0005,1.0,0.8018418299641847
2017-05-23,77.0162783260757,1.0,1.0,-0.02371934336086201,-0.02421934336086201,1.0,0.7824217473631803
2017-05-24,77.52971757316992,1.0,1.0,0.006666632798333572,0.006666632798333572,0.0,0.7876378658462811
2017-05-25,79.71874630107665,1.0,1.0,0.028234705303044505,0.028234705303044505,0.0,0.8098765888739698
2017-05-26,78.97871452873424,1.0,1.0,-0.009283033247255323,-0.009283033247255323,0.0,0.802358477573279
2017-05-29,74.73466146929056,1.0,1.0,-0.053736669237628654,-0.053736669237628654,0.0,0.7592424054539164
2017-05-30,71.98069042776342,1.0,1.0,-0.03684998349338586,-0.03684998349338586,0.0,0.731264335345461
2017-05-31,70.68011706190825,1.0,1.0,-0.018068364697895856,-0.018068364697895856,0.0,0.7180515846438748
2017-06-01,69.82802025620065,1.0,1.0,-0.012055679038579625,-0.012055679038579625,0.0,0.7093949852062648
2017-06-02,69.21501963173114,1.0,1.0,-0.008778719806467272,-0.008778719806467272,0.0,0.703167405399026
2017-06-05,69.29075387535381,1.0,1.0,0.0010941879959815992,0.0010941879959815992,0.0,0.7039368027331792
2017-06-06,68.82980985980741,1.0,1.0,-0.006652316359201271,-0.006652316359201271,0.0,0.6992539924245134
2017-06-07,70.46689304350066,1.0,1.0,0.023784508297025164,0.023784508297025164,0.0,0.7158854048090622
2017-06-08,69.43500545799641,1.0,1.0,-0.014643579998159462,-0.014643579998159462,0.0,0.7054022796142259
2017-06-09,68.1361746582393,1.0,1.0,-0.01870570602234367,-0.01870570602234367,0.0,0.692207231944271
2017-06-12,68.87993471396261,1.0,1.0,0.010915788264514337,0.010915788264514337,0.0,0.6997632195233403
2017-06-13,66.58982643547166,1.0,1.0,-0.033247828819830794,-0.033247828819830794,0.0,0.6764976117862146
2017-06-14,67.18371594612597,1.0,1.0,0.008918622294800782,0.008918622294800782,0.0,0.6825310384690706
2017-06-15,67.3527003831221,1.0,1.0,0.0025152588631989214,0.0025152588631989214,0.0,0.6842477807129883
2017-06-16,67.14884447578252,1.0,1.0,-0.0030266924144092267,-0.0030266924144092267,0.0,0.6821767731455279
2017-06-19,69.57241207592145,1.0,1.0,0.036092469186316256,0.036092469186316256,0.0,0.7067982173099036
2017-06-20,68.63546820251139,1.0,1.0,-0.013467175356628558,-0.013467175356628558,0.0,0.6972796417756386
2017-06-21,71.86090701653406,1.0,1.0,0.04699376136702238,0.04699376136702238,0.0,0.7300474348673258
2017-06-22,71.51961880017585,1.0,1.0,-0.004749289015788305,-0.004749289015788305,0.0,0.726580228603906
2017-06-23,69.53939601102603,1.0,1.0,-0.027687826394636073,-0.027687826394636073,0.0,0.7064628013725461
2017-06-26,69.66387754028453,1.0,1.0,0.0017900864315640863,0.0017900864315640863,0.0,0.7077274308476879
2017-06-27,68.0372569887213,1.0,1.0,-0.02334955516397441,-0.02334955516397441,0.0,0.6912023101600518
2017-06-28,66.92845255077795,1.0,1.0,-0.0162970185309963,-0.0162970185309963,0.0,0.679937773302706
2017-06-29,67.53635561680676,1.0,1.0,0.009082879446041359,0.009082879446041359,0.0,0.6861135661284242
2017-06-30,68.389792448227,1.0,1.0,0.01263670246381876,0.01263670246381876,0.0,0.6947837791199788
2017-07-03,67.46883458119547,1.0,1.0,-0.013466305921731259,-0.013466305921731259,0.0,0.6854276082008925
2017-07-04,68.97875199588785,1.0,1.0,0.022379479711855277,0.022379479711855277,0.0,0.7007671214525699
2017-07-05,70.78896237082596,0.0,1.0,0.02624301429875131,0.02624301429875131,0.0,0.7191573630409445
2017-07-06,73.09716760917794,-1.0,0.0,0.032606852269715825,-0.0005,1.0,0.718797784359424
2017-07-07,73.9779357152077,-1.0,-1.0,0.012049278170925604,-0.012549278170925604,1.0,0.7097773910148526
2017-07-10,76.26678568291017,-1.0,-1.0,0.03093963011503642,-0.03093963011503642,0.0,0.6878171410728375
2017-07-11,73.16893610289186,0.0,-1.0,-0.04061859369422027,0.04061859369422027,0.0,0.7157553060619953
2017-07-12,72.67226576249952,-1.0,0.0,-0.006787994562253985,-0.0005,1.0,0.7153974284089644
2017-07-13,71.30546815245437,-1.0,-1.0,-0.018807692256520347,0.018307692256520347,1.0,0.7284947043693818
2017-07-14,71.51125258281007,-1.0,-1.0,0.002885955813595187,-0.002885955813595187,0.0,0.7263923008421337
2017-07-17,70.62764531085494,-1.0,-1.0,-0.012356199060167605,0.012356199060167605,0.0,0.7353677487071122
2017-07-18,70.384661974292,1.0,-1.0,-0.0034403431615692703,0.0034403431615692703,0.0,0.7378976661126153
2017-07-19,73.40181421949514,1.0,1.0,0.04286661554622717,0.04186661554622717,2.0,0.7687909440122104
2017-07-20,73.14350950609418,0.0,1.0,-0.00351905080477366,-0.00351905080477366,0.0,0.7660855296219815
2017-07-21,73.8352962461607,-1.0,0.0,0.009457937481231804,-0.0005,1.0,0.7657024868571706
2017-07-24,73.47348999923845,-1.0,-1.0,-0.004900180067213489,0.004400180067213488,1.0,0.7690717156772553
2017-07-25,73.6144704792396,-1.0,-1.0,0.001918793839827293,-0.001918793839827293,0.0,0.7675960256068284
2017-07-26,73.64182396905487,-1.0,-1.0,0.0003715776210464483,-0.0003715776210464483,0.0,0.7673108041017087
2017-07-27,74.39526669249851,-1.0,-1.0,0.010231179550363123,-0.010231179550363123,0.0,0.7594603094940107
2017-07-28,76.36082832625193,1.0,-1.0,0.026420520029557526,-0.026420520029557526,0.0,0.7393949731753702
2017-07-31,79.22065952499314,0.0,1.0,0.03745154762494929,0.03645154762494929,2.0,0.7663470642537203
2017-08-01,79.78541371653489,0.0,0.0,0.007128875156152681,-0.0005,1.0,0.7659638907215935
2017-08-02,80.85450948906085,-1.0,0.0,0.013399639391785234,0.0,0.0,0.7659638907215935
2017-08-03,78.8360423903391,1.0,-1.0,-0.024964187050010245,0.024464187050010244,1.0,0.7847025746177602
2017-08-04,78.70131047333277,1.0,1.0,-0.0017090142138190823,-0.0027090142138190823,2.0,0.7825768041895003
2017-08-07,80.37858631955051,1.0,1.0,0.021311917630470356,0.021311917630470356,0.0,0.7992550165799036
2017-08-08,81.95643390773887,-1.0,1.0,0.01963019829579382,0.01963019829579382,0.0,0.8149445510442751
2017-08-09,82.36150240299636,1.0,-1.0,0.004942485610263336,-0.005942485610263336,2.0,0.810101754776532
2017-08-10,84.01631818749496,-1.0,1.0,0.0200921029390837,0.0190921029390837,2.0,0.8255683008698578
2017-08-11,84.9558201996085,1.0,-1.0,0.011182375428745894,-0.012182375428745895,2.0,0.8155109178865894
2017-08-14,87.26809604394099,1.0,1.0,0.027217391803171065,0.026217391803171064,2.0,0.8368914871405858
2017-08-15,87.85074235892448,1.0,1.0,0.0066765099892878155,0.0066765099892878155,0.0,0.8424790015144299
2017-08-16,87.18132417349346,1.0,1.0,-0.007619949102945833,-0.007619949102945833,0.0,0.8360593544025893
2017-08-17,87.85389465217666,-1.0,1.0,0.007714616462406232,0.007714616462406232,0.0,0.8425092316616122
2017-08-18,82.34604996751658,-1.0,-1.0,-0.062693232968968,0.061693232968968004,2.0,0.8944863499690183
2017-08-21,83.06792614408938,-1.0,-1.0,0.008766372847969883,-0.008766372847969883,0.0,0.8866449491177703
2017-08-22,76.63065227942177,-1.0,-1.0,-0.07749409625926551,0.07749409625926551,0.0,0.9553546981524944
2017-08-23,73.77495566306962,-1.0,-1.0,-0.03726572241535009,0.03726572241535009,0.0,0.9909566811420458
2017-08-24,74.5354531939468,-1.0,-1.0,0.01030834277082282,-0.01030834277082282,0.0,0.9807415600017967
2017-08-25,75.34681724146701,0.0,-1.0,0.01088561231940166,-0.01088561231940166,0.0,0.9700655875940919
2017-08-28,73.44700912551917,-1.0,0.0,-0.025214178720508462,-0.0005,1.0,0.9695805548002949
2017-08-29,72.31359782219158,-1.0,-1.0,-0.015431687645587,0.014931687645587,1.0,0.9840580287918078
2017-08-30,74.56271192704378,0.0,-1.0,0.03110222935363316,-0.03110222935363316,0.0,0.9534516302830409
2017-08-31,73.7842868782634,-1.0,0.0,-0.010439870394494677,-0.0005,1.0,0.9529749044678995
2017-09-01,77.56514898473425,-1.0,-1.0,0.051242104063550675,-0.051742104063550676,1.0,0.9036659777909692
2017-09-04,77.58031636031295,1.0,-1.0,0.00019554369168672814,-0.00019554369168672814,0.0,0.9034892716096203
2017-09-05,78.30407107262324,1.0,1.0,0.009329102358243802,0.0083291023582438,2.0,0.9110145262324321
2017-09-06,81.18172228668205,1.0,1.0,0.03674970119229082,0.03674970119229082,0.0,0.9444940378533103
2017-09-07,81.43731688202632,1.0,1.0,0.0031484253862179568,0.0031484253862179568,0.0,0.9474677068592192
2017-09-08,79.66623226992206,1.0,1.0,-0.021747826179857266,-0.021747826179857266,0.0,0.9268623438594169
2017-09-11,79.49155730014728,1.0,1.0,-0.002192584797821917,-0.002192584797821917,0.0,0.9248301195745972
2017-09-12,79.44772707366629,1.0,1.0,-0.0005513821589315793,-0.0005513821589315793,0.0,0.9243201847466211
2017-09-13,77.09787458006433,1.0,1.0,-0.029577340726476775,-0.029577340726476775,0.0,0.8969812517020104
2017-09-14,76.68000700847506,1.0,1.0,-0.005419962273477741,-0.005419962273477741,0.0,0.8921196471577686
2017-09-15,75.44634941276671,1.0,1.0,-0.01608838657998557,-0.01608838657998557,0.0,0.8777668813986941
2017-09-18,77.02703977517436,1.0,1.0,0.02095118418201647,0.02095118418201647,0.0,0.8961571369997523
2017-09-19,77.10453527655989,-1.0,1.0,0.0010060817813033474,0.0010060817813033474,0.0,0.8970587443684728
2017-09-20,76.64079511350032,-1.0,-1.0,-0.006014434318243667,0.005014434318243667,2.0,0.9015569865217146
2017-09-21,76.4787660490683,-1.0,-1.0,-0.0021141360054011127,0.0021141360054011127,0.0,0.903463000607841
2017-09-22,76.87638316795531,-1.0,-1.0,0.005199052487744105,-0.005199052487744105,0.0,0.8987658490469461
2017-09-25,77.95361729327196,-1.0,-1.0,0.01401254951033759,-0.01401254951033759,0.0,0.8861718480889752
2017-09-26,76.26274585211416,-1.0,-1.0,-0.021690737388061265,0.021690737388061265,0.0,0.9053935689265661
2017-09-27,74.5393056638374,1.0,-1.0,-0.02259871670000968,0.02259871670000968,0.0,0.9258543016927482
2017-09-28,76.40588623394727,-1.0,1.0,0.025041561005785473,0.024041561005785472,2.0,0.9481132843693632
2017-09-29,75.7285101934459,-1.0,-1.0,-0.008865495498963427,0.007865495498963426,2.0,0.9555706651400778
2017-10-02,73.40381196286033,1.0,-1.0,-0.030697794326696837,0.030697794326696837,0.0,0.9849045768831728
2017-10-03,74.14740187783426,0.0,1.0,0.010130126693558505,0.009130126693558505,2.0,0.9938968804511819
2017-10-04,74.93101179691779,1.0,0.0,0.010568272107154941,-0.0005,1.0,0.9933999320109563
2017-10-05,72.44763257797351,-1.0,1.0,-0.033142208538100015,-0.033642208538100016,1.0,0.9599797643365093
2017-10-06,72.83456198344702,-1.0,-1.0,0.005340815037083058,-0.006340815037083058,2.0,0.9538927102115089
2017-10-09,74.0499190712451,0.0,-1.0,0.01668654351315091,-0.01668654351315091,0.0,0.9379755379956871
2017-10-10,74.68499163032868,-1.0,0.0,0.008576276207304945,-0.0005,1.0,0.9375065502266893
2017-10-11,75.75699293562394,-1.0,-1.0,0.014353637617064763,-0.014853637617064763,1.0,0.9235811676659975
2017-10-12,73.451895332473,1.0,-1.0,-0.0304275224481223,0.0304275224481223,0.0,0.9516834543778177
2017-10-13,74.01066899516027,1.0,1.0,0.007607341650722965,0.006607341650722965,2.0,0.9579715521042322
2017-10-16,73.53320615446943,1.0,1.0,-0.006451270434024492,-0.006451270434024492,0.0,0.9517914185535057
2017-10-17,72.76752973214049,1.0,1.0,-0.010412662011778706,-0.010412662011778706,0.0,0.9418807362063967
2017-10-18,74.20351770851231,1.0,1.0,0.019733911287874273,0.019733911287874273,0.0,0.9604677270984514
2017-10-19,76.69610778511627,-1.0,1.0,0.0335912656647277,0.0335912656647277,0.0,0.9927310536818127
2017-10-20,79.82823522759753,1.0,-1.0,0.04083815375946731,-0.04183815375946731,2.0,0.951197019216075
2017-10-23,82.2094123507015,1.0,1.0,0.029828758162008917,0.028828758162008916,2.0,0.9786188480474791
2017-10-24,82.0291490018121,1.0,1.0,-0.002192733699645011,-0.002192733699645011,0.0,0.9764729975202576
2017-10-25,82.69291623101913,1.0,1.0,0.008091845853385182,0.008091845853385182,0.0,0.9843744664961845
2017-10-26,84.13103325527766,1.0,1.0,0.01739105463690338,0.01739105463690338,0.0,1.0014937766261922
2017-10-27,84.37748393716514,1.0,1.0,0.0029293671116539244,0.0029293671116539244,0.0,1.004427519557967
2017-10-30,84.64264666888945,1.0,1.0,0.0031425768979054247,0.0031425768979054247,0.0,1.0075840102765503
2017-10-31,86.22344850706514,-1.0,1.0,0.01867618630073764,0.01867618630073764,0.0,1.0264018369661194
2017-11-01,86.13068466389119,1.0,-1.0,-0.001075854013961819,7.585401396181888e-05,2.0,1.026479693665391
2017-11-02,84.7692348265781,-1.0,1.0,-0.015806792232360478,-0.01680679223236048,2.0,1.0092278627232198
2017-11-03,84.01373391865616,1.0,-1.0,-0.00891244222585652,0.00791244222585652,2.0,1.017213319879742
2017-11-06,85.22328162849465,-1.0,1.0,0.014397023598660574,0.013397023598660573,2.0,1.0308409507310428
2017-11-07,85.24923336031725,-1.0,-1.0,0.00030451458013236454,-0.0013045145801323646,2.0,1.0294962036810167
2017-11-08,85.91522084359447,-1.0,-1.0,0.0078122401460472,-0.0078122401460472,0.0,1.0214535321084166
2017-11-09,87.22206882803785,-1.0,-1.0,0.015210901765851714,-0.015210901765851714,0.0,1.0059163027731333
2017-11-10,86.52070712397905,-1.0,-1.0,-0.008041103742237099,0.008041103742237099,0.0,1.0140049801197395
2017-11-13,88.00475545767236,-1.0,-1.0,0.01715252201495243,-0.01715252201495243,0.0,0.9966122373749643
2017-11-14,88.76827933799164,-1.0,-1.0,0.008675938889308288,-0.008675938889308288,0.0,0.9879656905071623
2017-11-15,86.39128696407653,-1.0,-1.0,-0.02677749745339264,0.02677749745339264,0.0,1.0144209392687573
2017-11-16,89.22011026394085,-1.0,-1.0,0.03274431252587551,-0.03274431252587551,0.0,0.981204423000549
2017-11-17,88.25594765291869,-1.0,-1.0,-0.010806561527102687,0.010806561527102687,0.0,0.9918078689683697
2017-11-20,85.09593265793359,-1.0,-1.0,-0.03580512224980459,0.03580512224980459,0.0,1.0273196709651002
2017-11-21,83.16650009452505,-1.0,-1.0,-0.02267361674222934,0.02267361674222934,0.0,1.0506127234563163
2017-11-22,81.32407917516865,-1.0,-1.0,-0.022153402118188836,0.022153402118188836,0.0,1.0738873695895297
2017-11-23,81.43760396674155,-1.0,-1.0,0.0013959554503946148,-0.0013959554503946148,0.0,1.0723882706628411
2017-11-24,80.96386052307908,0.0,-1.0,-0.005817256655241798,0.005817256655241798,0.0,1.078626628467358
2017-11-27,80.38053945398033,1.0,0.0,-0.007204709179257418,-0.0005,1.0,1.0780873151531245
2017-11-28,81.51209504576855,1.0,1.0,0.014077481931258351,0.01357748193125835,1.0,1.0927250261949348
2017-11-29,82.14827758596755,-1.0,1.0,0.007804762469199034,0.007804762469199034,0.0,1.1012534854685356
2017-11-30,82.74569524228046,0.0,-1.0,0.0072724307054121695,-0.00827243070541217,2.0,1.0921434423209035
2017-12-01,83.5209575164505,-1.0,0.0,0.00936921578699712,-0.0005,1.0,1.091597370599743
2017-12-04,84.69002296021974,-1.0,-1.0,0.0139972706076672,-0.014497270607667201,1.0,1.0757721881235407
2017-12-05,80.84181285246707,-1.0,-1.0,-0.04543876566853966,0.04543876566853966,0.0,1.1246539484924183
2017-12-06,80.21025620982427,1.0,-1.0,-0.007812252352571214,0.007812252352571214,0.0,1.1334400289473567
2017-12-07,76.44302488166312,1.0,1.0,-0.04696695293313036,-0.04796695293313036,2.0,1.079072364426313
2017-12-08,76.52238983401533,0.0,1.0,0.0010382235982298038,0.0010382235982298038,0.0,1.080192682819258
2017-12-11,76.53274891973103,0.0,0.0,0.00013537326445467457,-0.0005,1.0,1.0796525864778486
2017-12-12,78.34642815921143,-1.0,0.0,0.02369808043067434,0.0,0.0,1.0796525864778486
2017-12-13,80.45620343781816,-1.0,-1.0,0.026928799795689073,-0.027428799795689074,1.0,1.0500390118344498
2017-12-14,80.83801938264051,1.0,-1.0,0.0047456371107224005,-0.0047456371107224005,0.0,1.045055907732182
2017-12-15,79.96511864365344,1.0,1.0,-0.010798146041347989,-0.01179814604134799,2.0,1.032726185511384
2017-12-18,80.84926859266777,1.0,1.0,0.01105669526927544,0.01105669526927544,0.0,1.0441447242411848
2017-12-19,79.92739287751381,1.0,1.0,-0.011402400184948203,-0.011402400184948203,0.0,1.0322389682443844
2017-12-20,79.9439567245133,1.0,1.0,0.00020723617277096373,0.00020723617277096373,0.0,1.0324528854975485
2017-12-21,81.7307613640255,-1.0,1.0,0.02235071558528845,0.02235071558528845,0.0,1.0555289462965147
2017-12-22,80.74536551798033,1.0,-1.0,-0.012056609159142084,0.011056609159142083,2.0,1.0671995173118765
2017-12-25,82.22042191514521,1.0,1.0,0.018268000741620494,0.017268000741620493,2.0,1.0856279193682752
2017-12-26,83.48462215701844,1.0,1.0,0.015375745008678443,0.015375745008678443,0.0,1.102320257430784
2017-12-27,81.75517177167167,1.0,1.0,-0.020715795803615267,-0.020715795803615267,0.0,1.0794848160676593
2017-12-28,83.55977237756281,-1.0,1.0,0.022073228724062588,0.022073228724062588,0.0,1.1033125313168735
2017-12-29,84.88439391378341,-1.0,-1.0,0.015852383252497715,-0.016852383252497716,2.0,1.084719085691838
2018-01-01,85.09671646699908,1.0,-1.0,0.002501314357399087,-0.002501314357399087,0.0,1.0820058622690523
2018-01-02,83.69028065398125,-1.0,1.0,-0.016527498021187026,-0.017527498021187027,2.0,1.0630410066592186
2018-01-03,82.13046199505708,1.0,-1.0,-0.0186379905376739,0.017637990537673898,2.0,1.0817909138758333
2018-01-04,81.17643481907706,-1.0,1.0,-0.011615996705795162,-0.012615996705795163,2.0,1.0681430432700165
2018-01-05,82.17856754593782,-1.0,-1.0,0.012345118741593941,-0.013345118741593942,2.0,1.0538885475245707
2018-01-08,80.47468604483593,-1.0,-1.0,-0.020733891475407162,0.020733891475407162,0.0,1.0757397582961197
2018-01-09,81.27854892516842,-1.0,-1.0,0.009989015426349335,-0.009989015426349335,0.0,1.0649941772557625
2018-01-10,79.0899366574411,-1.0,-1.0,-0.026927304887570447,0.026927304887570447,0.0,1.0936716001702156
2018-01-11,78.75161136533406,-1.0,-1.0,-0.004277728702355876,0.004277728702355876,0.0,1.0983500305652152
2018-01-12,78.96211295549905,1.0,-1.0,0.0026729813716250828,-0.0026729813716250828,0.0,1.0954141613939905
2018-01-15,83.38132468593118,1.0,1.0,0.05596622943616869,0.05496622943616869,2.0,1.1556249475168008
2018-01-16,80.89256963805126,1.0,1.0,-0.029847871297969952,-0.029847871297969952,0.0,1.1211320028145961
2018-01-17,83.5963948879013,1.0,1.0,0.03342489009742344,0.03342489009742344,0.0,1.1586057167933783
2018-01-18,83.89458616127307,1.0,1.0,0.0035670350829317687,0.0035670350829317687,0.0,1.1627385040324656
2018-01-19,84.6831352971208,1.0,1.0,0.009399285125882617,0.009399285125882617,0.0,1.173667414758709
2018-01-22,84.92587376987524,1.0,1.0,0.0028664322819740296,0.0028664322819740296,0.0,1.1770316529246743
2018-01-23,85.78792248039801,1.0,1.0,0.01015060160415504,0.01015060160415504,0.0,1.1889792323089927
2018-01-24,85.51643054830618,1.0,1.0,-0.0031646871056222325,-0.0031646871056222325,0.0,1.1852164850636517
2018-01-25,88.33961156328964,1.0,1.0,0.03301331681972752,0.03301331681972752,0.0,1.224344412385022
2018-01-26,87.47079372439039,1.0,1.0,-0.009834974633964655,-0.009834974633964655,0.0,1.212303016145979
2018-01-29,89.71599958531178,1.0,1.0,0.025668063193707402,0.025668063193707402,0.0,1.243420486574336
2018-01-30,88.46429938880354,1.0,1.0,-0.013951805723548594,-0.013951805723548594,0.0,1.2260725255129705
2018-01-31,88.36722559963631,1.0,1.0,-0.0010973216296054078,-0.0010973216296054078,0.0,1.2247271296112603
2018-02-01,86.31208626289877,1.0,1.0,-0.02325680502914873,-0.02325680502914873,0.0,1.1962438895439822
2018-02-02,87.2081151783744,1.0,1.0,0.010381268189328718,0.010381268189328718,0.0,1.208662418181184
2018-02-05,90.0693191829184,1.0,1.0,0.03280891920083051,0.03280891920083051,0.0,1.2483173258003708
2018-02-06,89.93636753106559,1.0,1.0,-0.0014761036617010337,-0.0014761036617010337,0.0,1.2464746800247921
2018-02-07,89.5659084186498,1.0,1.0,-0.004119124694332621,-0.004119124694332621,0.0,1.2413402953894417
2018-02-08,87.40018800832856,-1.0,1.0,-0.024180186954596783,-0.024180186954596783,0.0,1.2113244549726505
2018-02-09,86.97765208233976,-1.0,-1.0,-0.0048344967627361735,0.0038344967627361734,2.0,1.2159692746738664
2018-02-12,83.97934053288334,-1.0,-1.0,-0.03447220610896673,0.03447220610896673,0.0,1.2578864181325948
2018-02-13,82.31611020036344,1.0,-1.0,-0.019805232119781135,0.019805232119781135,0.0,1.2827991506240308
2018-02-14,82.75079886307108,1.0,1.0,0.005280724048422281,0.004280724048422281,2.0,1.288290459797403
2018-02-15,85.22709936295112,1.0,1.0,0.029924792677562095,0.029924792677562095,0.0,1.3268422847153214
2018-02-16,90.72643328507561,-1.0,1.0,0.06452564927388682,0.06452564927388682,0.0,1.412457644620625
2018-02-19,89.57533097055935,1.0,-1.0,-0.012687617851121047,0.011687617851121046,2.0,1.4289659098018455
2018-02-20,92.4940462951657,1.0,1.0,0.0325839189538204,0.0315839189538204,2.0,1.4740982532847993
2018-02-21,93.01746956268218,1.0,1.0,0.005658994156727992,0.005658994156727992,0.0,1.482440166686581
2018-02-22,92.72811000774185,1.0,1.0,-0.0031108087147579955,-0.0031108087147579955,0.0,1.477828578896945
2018-02-23,93.64416037493586,-1.0,1.0,0.009878885346822353,0.009878885346822353,0.0,1.4924278779901252
2018-02-26,93.7951451518463,-1.0,-1.0,0.0016123245304984213,-0.0026123245304984213,2.0,1.488529172034452
2018-02-27,94.04741763309136,-1.0,-1.0,0.002689611288906768,-0.002689611288906768,0.0,1.484525607169481
2018-02-28,93.22191635533558,-1.0,-1.0,-0.008777500738790245,0.008777500738790245,0.0,1.4975560317831642
2018-03-01,90.39774998184382,-1.0,-1.0,-0.030295090295364036,0.030295090295364036,0.0,1.5429246269884023
2018-03-02,87.37675249803894,-1.0,-1.0,-0.03341894554246805,0.03341894554246805,0.0,1.5944875410738606
2018-03-05,88.67272543910137,-1.0,-1.0,0.01483201084969954,-0.01483201084969954,0.0,1.5708380845649423
2018-03-06,88.15132329196408,-1.0,-1.0,-0.005880073546350895,0.005880073546350895,0.0,1.5800747280315932
2018-03-07,87.01455388943089,-1.0,-1.0,-0.012895658965528134,0.012895658965528134,0.0,1.6004508328643385
2018-03-08,87.05169077320504,1.0,-1.0,0.00042678933711881584,-0.00042678933711881584,0.0,1.5997677775142891
2018-03-09,88.62083119812466,1.0,1.0,0.018025387111752833,0.017025387111752832,2.0,1.6270044432153783
2018-03-12,88.99715609153264,-1.0,1.0,0.0042464608864551945,0.0042464608864551945,0.0,1.6339134539455813
2018-03-13,87.73274488648164,-1.0,-1.0,-0.014207321453626798,0.013207321453626797,2.0,1.6554930741592462
2018-03-14,90.1725462518215,1.0,-1.0,0.02780947260337907,-0.02780947260337907,0.0,1.6094546848683309
2018-03-15,93.40826549616386,-1.0,1.0,0.035883640629444935,0.034883640629444934,2.0,1.665598323704654
2018-03-16,94.46072974167997,1.0,-1.0,0.011267356694031783,-0.012267356694031784,2.0,1.6451658349587877
2018-03-19,96.54528933181751,-1.0,1.0,0.02206800218289806,0.02106800218289806,2.0,1.6798261923609286
2018-03-20,99.26464142298869,-1.0,-1.0,0.028166595283846574,-0.029166595283846575,2.0,1.6308313816611324
2018-03-21,101.80775210804853,-1.0,-1.0,0.025619502056357435,-0.025619502056357435,0.0,1.5890502937250928
2018-03-22,103.22812347804758,-1.0,-1.0,0.01395150507292997,-0.01395150507292997,0.0,1.5668806504910462
2018-03-23,104.63175833244077,-1.0,-1.0,0.013597407441894305,-0.013597407441894305,0.0,1.545575135873499
2018-03-26,105.86959781632272,-1.0,-1.0,0.011830437561309415,-0.011830437561309415,0.0,1.5272903057322353
2018-03-27,103.3492417723259,-1.0,-1.0,-0.023806230456920097,0.023806230456920097,0.0,1.5636493307251171
2018-03-28,104.9925947079327,-1.0,-1.0,0.01590096751001857,-0.01590096751001857,0.0,1.5387857935201947
2018-03-29,101.90736471367865,-1.0,-1.0,-0.029385215241479745,0.029385215241479745,0.0,1.5840033452733169
2018-03-30,100.15138841937441,-1.0,-1.0,-0.0172311029653045,0.0172311029653045,0.0,1.6112974700131082
2018-04-02,103.11307098227334,-1.0,-1.0,0.02957205695938203,-0.02957205695938203,0.0,1.5636480894513725
2018-04-03,105.0771906355106,-1.0,-1.0,0.01904821216676722,-0.01904821216676722,0.0,1.5338633888893425
2018-04-04,108.62643222920796,-1.0,-1.0,0.033777469422539896,-0.033777469422539896,0.0,1.4820533651727792
2018-04-05,107.99973559431785,-1.0,-1.0,-0.005769283055966912,0.005769283055966912,0.0,1.4906037505405094
2018-04-06,105.30037763693687,-1.0,-1.0,-0.02499411635154969,0.02499411635154969,0.0,1.5278600741155752
2018-04-09,104.76541066653502,-1.0,-1.0,-0.005080389856210732,0.005080389856210732,0.0,1.5356221989378216
2018-04-10,105.02770737856967,-1.0,-1.0,0.002503657556113925,-0.002503657556113925,0.0,1.5317775268161147
2018-04-11,105.23687687575855,-1.0,-1.0,0.0019915649156745374,-0.0019915649156745374,0.0,1.528726892435089
2018-04-12,107.94156438505598,-1.0,-1.0,0.025700948085817465,-0.025700948085817465,0.0,1.4894371619352216
2018-04-13,107.1058208291294,-1.0,-1.0,-0.007742555527037398,0.007742555527037398,0.0,1.500969211865538
2018-04-16,107.97086297019443,-1.0,-1.0,0.008076518478347339,-0.008076518478347339,0.0,1.4888466062904755
2018-04-17,105.65486206871991,-1.0,-1.0,-0.0214502397939883,0.0214502397939883,0.0,1.520782723011872
2018-04-18,106.74055347468985,-1.0,-1.0,0.010275830044279344,-0.010275830044279344,0.0,1.5051554182159257
2018-04-19,106.77333041436141,-1.0,-1.0,0.00030707110469818666,-0.00030707110469818666,0.0,1.5046932284789116
2018-04-20,105.03776766879169,-1.0,-1.0,-0.016254646537992468,0.016254646537992468,0.0,1.5291514850559471
2018-04-23,104.51481298350349,-1.0,-1.0,-0.004978730002499598,0.004978730002499598,0.0,1.5367647174329622
2018-04-24,104.11364158812779,-1.0,-1.0,-0.0038384166217569904,0.0038384166217569904,0.0,1.5426634606680867
2018-04-25,103.51646770500057,-1.0,-1.0,-0.005735789028393001,0.005735789028393001,0.0,1.5515118528202894
2018-04-26,107.68888494878811,-1.0,-1.0,0.04030679694054129,-0.04030679694054129,0.0,1.488975379617819
2018-04-27,107.4796510289197,-1.0,-1.0,-0.001942948150757684,0.001942948150757684,0.0,1.4918683815781708
2018-04-30,106.92541125804358,-1.0,-1.0,-0.005156694923832528,0.005156694923832528,0.0,1.4995614916884814
2018-05-01,102.09062454445585,-1.0,-1.0,-0.04521644253413171,0.04521644253413171,0.0,1.5673663277038103
2018-05-02,100.11013315341563,1.0,-1.0,-0.019399346412831475,0.019399346412831475,0.0,1.597772210050744
2018-05-03,99.55155381635535,1.0,1.0,-0.005579648327949771,-0.006579648327949771,2.0,1.587259430800439
2018-05-04,98.0723718678384,1.0,1.0,-0.014858451644518045,-0.014858451644518045,0.0,1.5636752133005856
2018-05-07,101.14768308062476,1.0,1.0,0.031357569458303924,0.031357569458303924,0.0,1.6127082674118869
2018-05-08,100.80242737782994,-1.0,1.0,-0.0034133822177578876,-0.0034133822177578876,0.0,1.607203477689472
2018-05-09,103.74857104414501,-1.0,-1.0,0.029226911920208654,-0.030226911920208654,2.0,1.5586226797314993
2018-05-10,103.91535926297284,1.0,-1.0,0.001607619431759355,-0.001607619431759355,0.0,1.5561170076247821
2018-05-11,104.02594057956047,1.0,1.0,0.001064147950523786,6.414795052378606e-05,2.0,1.5562168293415966
2018-05-14,103.84604096602028,-1.0,1.0,-0.0017293726212703753,-0.0017293726212703753,0.0,1.553525550564173
2018-05-15,103.87951313465702,-1.0,-1.0,0.0003223249372374948,-0.0013223249372374948,2.0,1.5514712849880263
2018-05-16,107.94072251119047,-1.0,-1.0,0.039095383237587766,-0.039095383237587766,0.0,1.4908159205193068
2018-05-17,102.5535861026218,-1.0,-1.0,-0.049908285614914116,0.049908285614914116,0.0,1.5652199872798456
2018-05-18,98.1249279414067,1.0,-1.0,-0.04318384494895666,0.04318384494895666,0.0,1.632812204521546
2018-05-21,96.97326410617538,1.0,1.0,-0.011736710124454874,-0.012736710124454875,2.0,1.612015548784883
2018-05-22,97.0276071698295,1.0,1.0,0.0005603922292913843,0.0005603922292913843,0.0,1.612918909771919
2018-05-23,98.54723344671119,1.0,1.0,0.015661792774317007,0.015661792774317007,0.0,1.6381801114985441
2018-05-24,99.61016837807105,1.0,1.0,0.010786045373203157,0.010786045373203157,0.0,1.6558495965106463
2018-05-25,98.78858980366742,1.0,1.0,-0.008247938817705025,-0.008247938817705025,0.0,1.642192250347305
2018-05-28,101.07030810411399,1.0,1.0,0.023096982201904703,0.023096982201904703,0.0,1.6801219355256825
2018-05-29,103.43029999177946,1.0,1.0,0.02335000191385994,0.02335000191385994,0.0,1.7193527859357252
2018-05-30,103.8780208041968,1.0,1.0,0.0043287200409638515,0.0043287200409638515,0.0,1.726795382797692
2018-05-31,106.14449402526056,1.0,1.0,0.02181860227521959,0.02181860227521959,0.0,1.7644716444656405
2018-06-01,106.81357502087299,-1.0,1.0,0.006303492251356957,0.006303492251356957,0.0,1.7755939778042689
2018-06-04,105.51708081732623,-1.0,-1.0,-0.012137916021380257,0.011137916021380256,2.0,1.7953703944171213
2018-06-05,107.1879965973648,-1.0,-1.0,0.015835500443111217,-0.015835500443111217,0.0,1.7669398057407801
2018-06-06,107.47680873827217,-1.0,-1.0,0.0026944448079597727,-0.0026944448079597727,0.0,1.7621788839552244
2018-06-07,107.50559540734052,-1.0,-1.0,0.0002678407500771307,-0.0002678407500771307,0.0,1.7617069006411756
2018-06-08,111.10127138231421,-1.0,-1.0,0.03344640770882301,-0.03344640770882301,0.0,1.702784133378884
2018-06-11,105.24961381203381,1.0,-1.0,-0.052669582422185446,0.052669582422185446,0.0,1.7924690626390727
2018-06-12,102.01677792319668,1.0,1.0,-0.030715893120621618,-0.03171589312062162,2.0,1.735619305426391
2018-06-13,99.3901868369821,1.0,1.0,-0.025746657948676033,-0.025746657948676033,0.0,1.6909329088404592
2018-06-14,98.61630066184752,1.0,1.0,-0.007786343901374226,-0.007786343901374226,0.0,1.6777667236980762
2018-06-15,98.08446588054379,1.0,1.0,-0.005392970307488754,-0.005392970307488754,0.0,1.6687185775742799
2018-06-18,94.88292730743768,1.0,1.0,-0.032640628099104174,-0.032640628099104174,0.0,1.6142505550816117
2018-06-19,92.85480824460977,1.0,1.0,-0.021374963024237692,-0.021374963024237692,0.0,1.5797460091548872
2018-06-20,91.12087628546092,1.0,1.0,-0.018673582897087093,-0.018673582897087093,0.0,1.550246491096591
2018-06-21,96.246801932371,1.0,1.0,0.056254130292291205,0.056254130292291205,0.0,1.637454259191906
2018-06-22,100.19372033001186,1.0,1.0,0.0410083069608298,0.0410083069608298,0.0,1.7046034860871657
2018-06-25,99.30674693124979,1.0,1.0,-0.008852584731264712,-0.008852584731264712,0.0,1.6895133392933699
2018-06-26,98.53280551678614,1.0,1.0,-0.007793442423397967,-0.007793442423397967,0.0,1.676346214360024
2018-06-27,96.076551607912,1.0,1.0,-0.024928285518630577,-0.024928285518630577,0.0,1.6345577773003819
2018-06-28,92.11821137387389,1.0,1.0,-0.04119985748647681,-0.04119985748647681,0.0,1.5672142298221938
2018-06-29,91.90165724501605,1.0,1.0,-0.002350828632342039,-0.002350828632342039,0.0,1.5635299777377138
2018-07-02,89.91195122705939,1.0,1.0,-0.021650382350037245,-0.021650382350037245,0.0,1.5296789559039472
2018-07-03,89.76431367188928,1.0,1.0,-0.001642023703804063,-0.001642023703804063,0.0,1.5271671867991428
2018-07-04,86.65569723926075,1.0,1.0,-0.034630871729174006,-0.034630871729174006,0.0,1.474280055844098
2018-07-05,85.22415489540575,1.0,1.0,-0.016519887202597228,-0.016519887202597228,0.0,1.4499251156165147
2018-07-06,85.52584763223676,1.0,1.0,0.003539990947417193,0.003539990947417193,0.0,1.45505783740023
2018-07-09,86.24370241350424,1.0,1.0,0.008393424925225768,0.008393424925225768,0.0,1.4672707561203102
2018-07-10,87.06649360399999,1.0,1.0,0.009540304595816007,0.009540304595816007,0.0,1.4812689660582312
2018-07-11,84.57424645002499,-1.0,1.0,-0.028624641361008063,-0.028624641361008063,0.0,1.4388681731456232
2018-07-12,86.2128837014283,1.0,-1.0,0.019375132740574674,-0.020375132740574675,2.0,1.409551043121593
2018-07-13,84.71679735625163,1.0,1.0,-0.01735339639441702,-0.01835339639441702,2.0,1.3836809940890185
2018-07-16,85.93446159140828,1.0,1.0,0.014373350659564244,0.014373350659564244,0.0,1.4035691262180343
2018-07-17,85.93465014205637,1.0,1.0,2.1941214805032416e-06,2.1941214805032416e-06,0.0,1.4035722058192035
2018-07-18,83.37139960225647,1.0,1.0,-0.029827904524689974,-0.029827904524689974,0.0,1.3617065880705197
2018-07-19,82.80861270006599,1.0,1.0,-0.00675035929437906,-0.00675035929437906,0.0,1.3525145793475206
2018-07-20,83.502094399511,1.0,1.0,0.008374511742598623,0.008374511742598623,0.0,1.3638412285743022
2018-07-23,84.66494572942602,1.0,1.0,0.013926013931476078,0.013926013931476078,0.0,1.3828341005237494
2018-07-24,84.42077271984678,-1.0,1.0,-0.0028839918041119184,-0.0028839918041119184,0.0,1.3788460183113924
2018-07-25,87.35821900118475,-1.0,-1.0,0.0347953019938112,-0.0357953019938112,2.0,1.329489808682972
2018-07-26,89.35307704210503,1.0,-1.0,0.0228353790144602,-0.0228353790144602,0.0,1.2991304050058343
2018-07-27,88.86716685377988,1.0,1.0,-0.00543809127128525,-0.00643809127128525,2.0,1.290766484885105
2018-07-30,90.379184477124,1.0,1.0,0.017014356110080175,0.017014356110080175,0.0,1.3127280455138965
2018-07-31,94.3613772123876,1.0,1.0,0.04406095007718869,0.04406095007718869,0.0,1.3705680903922097
2018-08-01,98.57735454845673,1.0,1.0,0.04467905684101936,0.04467905684101936,0.0,1.4318037800073307
2018-08-02,95.95219461486055,1.0,1.0,-0.02663045631140115,-0.02663045631140115,0.0,1.3936741919973463
2018-08-03,94.02336571037104,1.0,1.0,-0.02010197799259905,-0.02010197799259905,0.0,1.3656585840609623
2018-08-06,97.19389317536407,1.0,1.0,0.03372063360037014,0.03372063360037014,0.0,1.4117094567972823
2018-08-07,94.96227832231634,1.0,1.0,-0.022960443091021077,-0.022960443091021077,0.0,1.379295982153432
2018-08-08,92.239819769469,1.0,1.0,-0.028668841996470462,-0.028668841996470462,0.0,1.3397531635747089
2018-08-09,91.27246825215526,1.0,1.0,-0.01048735263936329,-0.01048735263936329,0.0,1.3257026996985983
2018-08-10,92.14886401391482,1.0,1.0,0.00960197284616382,0.00960197284616382,0.0,1.3384320610231903
2018-08-13,91.96176710764509,1.0,1.0,-0.00203037669831152,-0.00203037669831152,0.0,1.3357145397542158
2018-08-14,90.66627593573259,1.0,1.0,-0.0140872801019154,-0.0140872801019154,0.0,1.3168979548964972
2018-08-15,89.34217251403508,1.0,1.0,-0.014604144793992302,-0.014604144793992302,0.0,1.2976657864842764
2018-08-16,87.96301360522772,1.0,1.0,-0.015436818581848533,-0.015436818581848533,0.0,1.2776339551584468
2018-08-17,86.28470476069975,1.0,1.0,-0.01907971061632907,-0.01907971061632907,0.0,1.2532570690204277
2018-08-20,90.78401096873796,-1.0,1.0,0.05214488732987488,0.05214488732987488,0.0,1.3186080176798671
2018-08-21,91.40665248525451,1.0,-1.0,0.006858493140724509,-0.00785849314072451,2.0,1.3082457456176255
2018-08-22,93.24395921738177,1.0,1.0,0.020100361211933038,0.019100361211933037,2.0,1.333233711912897
2018-08-23,92.26017810349957,1.0,1.0,-0.010550614990389784,-0.010550614990389784,0.0,1.3191672763262958
2018-08-24,91.90241578528895,1.0,1.0,-0.003877754471807715,-0.003877754471807715,0.0,1.3140518695214591
2018-08-27,90.48129330223924,1.0,1.0,-0.015463385493259207,-0.015463385493259207,0.0,1.2937321789049108
2018-08-28,85.33481027086673,1.0,1.0,-0.056878972918539716,-0.056878972918539716,0.0,1.220146021337135
2018-08-29,82.78647454598625,1.0,1.0,-0.02986279241486134,-0.02986279241486134,0.0,1.183709053986125
2018-08-30,79.54749672366343,-1.0,1.0,-0.0391244806604687,-0.0391244806604687,0.0,1.1373970519958232
2018-08-31,75.69452747950201,-1.0,-1.0,-0.04843608413657663,0.04743608413657663,2.0,1.1913507142509914
2018-09-03,73.73209393719117,-1.0,-1.0,-0.025925699091552845,0.025925699091552845,0.0,1.2222373143811691
2018-09-04,75.94851849364282,-1.0,-1.0,0.030060512839086284,-0.030060512839086284,0.0,1.1854962338998036
2018-09-05,75.8917887861034,-1.0,-1.0,-0.0007469494950604894,0.0007469494950604894,0.0,1.1863817397131111
2018-09-06,78.113542498829,-1.0,-1.0,0.029275284563228476,-0.029275284563228476,0.0,1.1516500766823918
2018-09-07,78.84742292057734,-1.0,-1.0,0.009395047238567322,-0.009395047238567322,0.0,1.140830269809661
2018-09-10,80.24665815930379,-1.0,-1.0,0.01774611251576208,-0.01774611251576208,0.0,1.1205849674802315
2018-09-11,78.678253788562,1.0,-1.0,-0.019544793599108212,0.019544793599108212,0.0,1.142486569379896
2018-09-12,79.61662588851587,-1.0,1.0,0.011926702166975112,0.01092670216697511,2.0,1.1549701798532794
2018-09-13,80.93282440505881,-1.0,-1.0,0.016531704299877825,-0.017531704299877826,2.0,1.134721584184915
2018-09-14,79.92358966177947,1.0,-1.0,-0.012470029937769578,0.012470029937769578,0.0,1.148871596310734
2018-09-17,80.9406641839507,-1.0,1.0,0.012725586106370868,0.011725586106370867,2.0,1.1623427891384392
2018-09-18,81.98276483142614,-1.0,-1.0,0.012874871462718707,-0.013874871462718708,2.0,1.1462154323435254
2018-09-19,81.00909253627324,1.0,-1.0,-0.011876548652085206,0.011876548652085206,0.0,1.159828515691524
2018-09-20,79.03599048797436,-1.0,1.0,-0.02435655043803131,-0.02535655043803131,2.0,1.130419265433925
2018-09-21,77.0061014165625,-1.0,-1.0,-0.025683097774560237,0.024683097774560236,2.0,1.158321514688877
2018-09-24,77.17232588155974,-1.0,-1.0,0.0021585882409247414,-0.0021585882409247414,0.0,1.1558211754880594
2018-09-25,77.75245329889928,-1.0,-1.0,0.007517298600406175,-0.007517298600406175,0.0,1.1471325225832432
2018-09-26,76.41620633562628,1.0,-1.0,-0.017185913840379263,0.017185913840379263,0.0,1.1668470432798559
2018-09-27,76.4794742861449,1.0,1.0,0.0008279389091987444,-0.00017206109080125567,2.0,1.166646274304791
2018-09-28,77.47160872864103,1.0,1.0,0.012972558346623808,0.012972558346623808,0.0,1.1817806611680812
2018-10-01,78.55958129766317,1.0,1.0,0.014043500411008214,0.014043500411008214,0.0,1.1983769983689168
2018-10-02,81.3293279253972,-1.0,1.0,0.035256636835161004,0.035256636835161004,0.0,1.24062774099202
2018-10-03,83.68505851704113,1.0,-1.0,0.02896532716715461,-0.02996532716715461,2.0,1.203451924840546
2018-10-04,81.8670010911442,1.0,1.0,-0.021724994379094587,-0.022724994379094587,2.0,1.176103486613034
2018-10-05,85.00123506762634,1.0,1.0,0.03828446058495194,0.03828446058495194,0.0,1.2211299741900952
2018-10-08,84.02631751744465,1.0,1.0,-0.011469451583921653,-0.011469451583921653,0.0,1.2071242830734463
2018-10-09,86.0163221342392,1.0,1.0,0.023683111144093605,0.023683111144093605,0.0,1.235712741634209
2018-10-10,86.16660550384152,1.0,1.0,0.0017471494464478265,0.0017471494464478265,0.0,1.237871716466724
2018-10-11,85.40305091051863,1.0,1.0,-0.008861374877867867,-0.008861374877867867,0.0,1.2269024711364025
2018-10-12,82.0670176985418,1.0,1.0,-0.039062225253195804,-0.039062225253195804,0.0,1.1789769304451698
2018-10-15,81.77487466277694,1.0,1.0,-0.0035598105543204195,-0.0035598105543204195,0.0,1.1747799959248708
2018-10-16,79.0144307472178,1.0,1.0,-0.03375662667711388,-0.03375662667711388,0.0,1.1351233861746937
2018-10-17,80.74672552206374,1.0,1.0,0.02192377719442007,0.02192377719442007,0.0,1.1600095783813633
2018-10-18,83.52857077466145,1.0,1.0,0.03445149304336281,0.03445149304336281,0.0,1.1999736403012031
2018-10-19,82.08507393009643,1.0,1.0,-0.017281474245012585,-0.017281474245012585,0.0,1.179236326741644
2018-10-22,82.65622718257882,1.0,1.0,0.006958064665554042,0.006958064665554042,0.0,1.1874415293590828
2018-10-23,81.35672438572634,1.0,1.0,-0.015721777307619145,-0.015721777307619145,0.0,1.1687728380686806
2018-10-24,80.24990819051429,1.0,1.0,-0.0136044832626796,-0.0136044832626796,0.0,1.1528722875553008
2018-10-25,81.65942900464854,1.0,1.0,0.017564142388649673,0.017564142388649673,0.0,1.1731215005698503
2018-10-26,81.60910564923857,1.0,1.0,-0.0006162589675603458,-0.0006162589675603458,0.0,1.1723985539250863
2018-10-29,84.83886478400355,1.0,1.0,0.039575965317481865,0.039575965317481865,0.0,1.2187973584334915
2018-10-30,83.95650455504772,1.0,1.0,-0.010400424748755022,-0.010400424748755022,0.0,1.2061213482231226
2018-10-31,85.85811916326264,1.0,1.0,0.022649997380108866,0.022649997380108866,0.0,1.2334399936004696
2018-11-01,86.06426535467277,1.0,1.0,0.002401009868596482,0.002401009868596482,0.0,1.236401495197426
2018-11-02,87.61725018995946,1.0,1.0,0.018044479074872832,0.018044479074872832,0.0,1.2587117161056576
2018-11-05,86.77345505452027,1.0,1.0,-0.009630468128248637,-0.009630468128248637,0.0,1.246589733041049
2018-11-06,86.69879102144773,1.0,1.0,-0.000860447852694457,-0.000860447852694457,0.0,1.2455171075820628
2018-11-07,86.49762631526511,1.0,1.0,-0.002320271180400457,-0.002320271180400457,0.0,1.2426271701326443
2018-11-08,84.92906743454961,1.0,1.0,-0.01813412630536748,-0.01813412630536748,0.0,1.2200932120789776
2018-11-09,86.20562603232382,1.0,1.0,0.01503087972510686,0.01503087972510686,0.0,1.238432286403156
2018-11-12,87.4784173989242,-1.0,1.0,0.014764597453571282,0.014764597453571282,0.0,1.2567172405854046
2018-11-13,88.65847527029219,-1.0,-1.0,0.01348970301996455,-0.01448970301996455,2.0,1.2385077809892526
2018-11-14,91.75392578207038,-1.0,-1.0,0.034914321528101366,-0.034914321528101366,0.0,1.1952661221087386
2018-11-15,94.7731383705508,1.0,-1.0,0.032905541237020275,-0.032905541237020275,0.0,1.1559352434384762
2018-11-16,94.01084254697327,-1.0,1.0,-0.008043374279714688,-0.009043374279714689,2.0,1.145481688388949
2018-11-19,94.81430057010375,-1.0,-1.0,0.00854643997822957,-0.00954643997822957,2.0,1.1345464162045829
2018-11-20,93.53453008806892,-1.0,-1.0,-0.013497652509587343,0.013497652509587343,0.0,1.14986012948651
2018-11-21,93.60526649966498,-1.0,-1.0,0.0007562598703330092,-0.0007562598703330092,0.0,1.1489905364140836
2018-11-22,92.39066536952667,-1.0,-1.0,-0.012975777705228286,0.012975777705228286,0.0,1.1638995822000036
2018-11-23,95.7927829115784,-1.0,-1.0,0.0368231739477638,-0.0368231739477638,0.0,1.1210411054269231
2018-11-26,96.59143324954202,-1.0,-1.0,0.008337270446572287,-0.008337270446572287,0.0,1.1116946825492546
2018-11-27,96.14847298231258,-1.0,-1.0,-0.004585916704280213,0.004585916704280213,0.0,1.1167928217640166
2018-11-28,98.75073859313228,-1.0,-1.0,0.02706507477553388,-0.02706507477553388,0.0,1.086566740534194
2018-11-29,94.13274201240097,-1.0,-1.0,-0.046764172567439144,0.046764172567439144,0.0,1.137379135094575
2018-11-30,90.04265380087769,-1.0,-1.0,-0.04345021853272324,0.04345021853272324,0.0,1.186798507068994
2018-12-03,91.6675498528744,1.0,-1.0,0.018045848088729555,-0.018045848088729555,0.0,1.1653817214984958
2018-12-04,91.81239967550378,-1.0,1.0,0.00158016465872457,0.0005801646587245699,2.0,1.166057834787233
2018-12-05,92.34567119313391,1.0,-1.0,0.005808273386981311,-0.006808273386981311,2.0,1.15811899426297
2018-12-06,89.69056067950719,-1.0,1.0,-0.02875186762218407,-0.02975186762218407,2.0,1.123662791254921
2018-12-07,89.66571202413668,1.0,-1.0,-0.0002770487237703234,-0.0007229512762296766,2.0,1.1228504378059316
2018-12-10,93.76129976505374,1.0,1.0,0.045676186007585384,0.04467618600758538,2.0,1.173015112824048
2018-12-11,95.5133488815599,1.0,1.0,0.0186862716376206,0.0186862716376206,0.0,1.1949343918573123
2018-12-12,95.8962780557004,1.0,1.0,0.0040091691750370195,0.0040091691750370195,0.0,1.1997250859873383
2018-12-13,94.98981936519387,-1.0,1.0,-0.009452490846204031,-0.009452490846204031,0.0,1.1883846955940816
2018-12-14,94.18477942939325,-1.0,-1.0,-0.008475012808536908,0.007475012808536908,2.0,1.1972678864151167
2018-12-17,89.86279723534257,-1.0,-1.0,-0.04588832951815425,0.04588832951815425,0.0,1.2522085097084377
2018-12-18,90.3991644185864,1.0,-1.0,0.0059687345569616745,-0.0059687345569616745,0.0,1.2447344095040194
2018-12-19,92.13185805335385,1.0,1.0,0.01916714215127424,0.01816714215127424,2.0,1.2673476764620615
2018-12-20,88.98975365879832,-1.0,1.0,-0.03410442881479636,-0.03410442881479636,0.0,1.2241255078465636
2018-12-21,87.71501807689046,1.0,-1.0,-0.014324520852090572,0.013324520852090571,2.0,1.2404363937014413
2018-12-24,85.51276820012829,1.0,1.0,-0.02510687365796005,-0.02610687365796005,2.0,1.2080524774903423
2018-12-25,83.72169803168762,1.0,1.0,-0.020945061259728726,-0.020945061259728726,0.0,1.18274974434434
2018-12-26,83.84100201097058,1.0,1.0,0.0014250066839041065,0.0014250066839041065,0.0,1.1844351706354166
2018-12-27,80.07317542682038,1.0,1.0,-0.04494014257674517,-0.04494014257674517,0.0,1.1312064851941495
2018-12-28,81.19062506343755,-1.0,1.0,0.013955355593939345,0.013955355593939345,0.0,1.146992873945204
2018-12-31,82.57886694467956,-1.0,-1.0,0.017098549003130792,-0.018098549003130793,2.0,1.126233967209865
2019-01-01,82.13990625718934,-1.0,-1.0,-0.005315654037543083,0.005315654037543083,0.0,1.1322206373448822
2019-01-02,77.76216804564478,-1.0,-1.0,-0.053296118914932245,0.053296118914932245,0.0,1.1925636030707554
2019-01-03,76.08100543011535,-1.0,-1.0,-0.02161928683035974,0.02161928683035974,0.0,1.2183459776689893
2019-01-04,78.20823840385285,-1.0,-1.0,0.027960105964838666,-0.027960105964838666,0.0,1.1842808950315293
2019-01-07,73.55357678605591,-1.0,-1.0,-0.05951625701836072,0.05951625701836072,0.0,1.25476486116216
2019-01-08,73.00633490572848,-1.0,-1.0,-0.0074400444443264435,0.0074400444443264435,0.0,1.2641003674963855
2019-01-09,71.13781658933614,-1.0,-1.0,-0.02559392029205576,0.02559392029205576,0.0,1.2964536515432463
2019-01-10,72.43558206334558,-1.0,-1.0,0.018242975905504277,-0.018242975905504277,0.0,1.2728024788155399
2019-01-11,71.37629553875337,-1.0,-1.0,-0.0146238422391064,0.0146238422391064,0.0,1.2914157414672818
2019-01-14,72.03565153176142,-1.0,-1.0,0.009237744660621328,-0.009237744660621328,0.0,1.2794859725969001
2019-01-15,72.96192454927888,-1.0,-1.0,0.012858535986296271,-0.012858535986296271,0.0,1.2630336561743016
2019-01-16,76.01206942236958,-1.0,-1.0,0.04180461099310251,-0.04180461099310251,0.0,1.210233025506739
2019-01-17,75.68880124811874,-1.0,-1.0,-0.004252853220645392,0.004252853220645392,0.0,1.2153799689269968
2019-01-18,76.34073574059204,-1.0,-1.0,0.008613354706678011,-0.008613354706678011,0.0,1.2049114701512373
2019-01-21,73.88540302577574,-1.0,-1.0,-0.03216281178058833,0.03216281178058833,0.0,1.2436648109779835
2019-01-22,75.8797242027479,-1.0,-1.0,0.02699208632964223,-0.02699208632964223,0.0,1.2100957030349275
2019-01-23,74.62862498332917,-1.0,-1.0,-0.016487925233832246,0.016487925233832246,0.0,1.2300476705123493
2019-01-24,73.7239804986663,-1.0,-1.0,-0.012121950322211639,0.012121950322211639,0.0,1.244958247268252
2019-01-25,73.70516666056871,1.0,-1.0,-0.0002551929232568195,0.0002551929232568195,0.0,1.2452759518027052
2019-01-28,71.21160025795977,1.0,1.0,-0.03383163644541298,-0.03483163644541298,2.0,1.2019009525752977
2019-01-29,71.59079846891426,1.0,1.0,0.005324950002258966,0.005324950002258966,0.0,1.2083010150554285
2019-01-30,73.16061016032585,1.0,1.0,0.021927562270355416,0.021927562270355416,0.0,1.2347961108043901
2019-01-31,73.65490568207792,1.0,1.0,0.006756306715715921,0.006756306715715921,0.0,1.2431387720603577
2019-02-01,71.12200362361271,1.0,1.0,-0.03438877607688706,-0.03438877607688706,0.0,1.2003887511954778
2019-02-04,70.94390693479886,1.0,1.0,-0.002504101118359414,-0.002504101118359414,0.0,1.1973828563811433
2019-02-05,72.13802539379226,1.0,1.0,0.01683186774716061,0.01683186774716061,0.0,1.2175370462624682
2019-02-06,69.21219211932241,1.0,1.0,-0.0405588212111172,-0.0405588212111172,0.0,1.168155178885197
2019-02-07,67.59833536697637,1.0,1.0,-0.023317521132169006,-0.023317521132169006,0.0,1.1409166958158887
2019-02-08,68.94146817388427,1.0,1.0,0.01986931778151546,0.01986931778151546,0.0,1.1635859322072912
2019-02-11,69.37211779479775,1.0,1.0,0.0062465977635881575,0.0062465977635881575,0.0,1.17085438548916
2019-02-12,70.02540776717498,1.0,1.0,0.00941718363434818,0.00941718363434818,0.0,1.1818805362463933
2019-02-13,72.99044343537696,1.0,1.0,0.04234228350458613,0.04234228350458613,0.0,1.2319240569806904
2019-02-14,73.7703040002594,1.0,1.0,0.010684420153891816,0.010684420153891816,0.0,1.245086451203159
2019-02-15,74.87217411555775,1.0,1.0,0.01493649958788934,0.01493649958788934,0.0,1.2636836844684416
2019-02-18,79.5295183336468,1.0,1.0,0.062203939889616366,0.062203939889616366,0.0,1.3422897884166054
2019-02-19,79.17221871781676,1.0,1.0,-0.004492666664106748,-0.004492666664106748,0.0,1.3362593278306152
2019-02-20,77.80232955320146,1.0,1.0,-0.017302649676874893,-0.017302649676874893,0.0,1.3131385008037058
2019-02-21,78.56257100165627,1.0,1.0,0.009771448397762228,0.009771448397762228,0.0,1.325969765903424
2019-02-22,79.34993560563629,-1.0,1.0,0.010022133872928274,0.010022133872928274,0.0,1.3392588124087634
2019-02-25,78.44724714231094,-1.0,-1.0,-0.011376045316679906,0.010376045316679905,2.0,1.3531550225370796
2019-02-26,76.69006724881031,1.0,-1.0,-0.022399509957474195,0.022399509957474195,0.0,1.383465031938405
2019-02-27,80.73955383941616,1.0,1.0,0.05280327343393565,0.05180327343393565,2.0,1.4551330492741985
2019-02-28,81.34619703053767,1.0,1.0,0.0075135811665254515,0.0075135811665254515,0.0,1.466066309548014
2019-03-01,80.05505177659799,1.0,1.0,-0.015872226374085696,-0.015872226374085696,0.0,1.4427965732034476
2019-03-04,81.71702804970812,1.0,1.0,0.020760417190760716,0.020760417190760716,0.0,1.472749631984551
2019-03-05,81.53890934961713,-1.0,1.0,-0.0021797011509356867,-0.0021797011509356867,0.0,1.4695394779166742
2019-03-06,81.10227763501288,-1.0,-1.0,-0.005354887845409939,0.004354887845409939,2.0,1.4759391575274037
2019-03-07,82.13932834444192,1.0,-1.0,0.012786949265421566,-0.012786949265421566,0.0,1.4570663984012517
2019-03-08,79.8387470164062,-1.0,1.0,-0.028008280252651896,-0.029008280252651897,2.0,1.4147994079697062
2019-03-11,80.48462394988343,1.0,-1.0,0.008089767908613377,-0.009089767908613378,2.0,1.401939209714018
2019-03-12,83.99203335424274,1.0,1.0,0.04357862697530046,0.04257862697530046,2.0,1.4616318563664785
2019-03-13,84.88496889018245,1.0,1.0,0.010631193224882374,0.010631193224882374,0.0,1.477170747055154
2019-03-14,84.19984096868576,1.0,1.0,-0.008071251370581844,-0.008071251370581844,0.0,1.4652481306384018
2019-03-15,83.27818398950393,-1.0,1.0,-0.010946065557589368,-0.010946065557589368,0.0,1.4492094285422985
2019-03-18,82.5435364940544,-1.0,-1.0,-0.008821608016117755,0.007821608016117754,2.0,1.4605445766256184
2019-03-19,82.09955674169693,1.0,-1.0,-0.005378734316640821,0.005378734316640821,0.0,1.468400457860898
2019-03-20,81.4340314524255,1.0,1.0,-0.008106320127468147,-0.009106320127468148,2.0,1.4550287332162959
2019-03-21,83.12533843639335,-1.0,1.0,0.020769044020078065,0.020769044020078065,0.0,1.4852482890269436
2019-03-22,80.01032053090965,-1.0,-1.0,-0.037473747043655914,0.03647374704365591,2.0,1.5394208594179348
2019-03-25,81.57376025235665,1.0,-1.0,0.01954047566704853,-0.01954047566704853,0.0,1.5093398435731318
2019-03-26,80.90912432555076,1.0,1.0,-0.008147668131881725,-0.009147668131881725,2.0,1.4955329035858984
2019-03-27,81.60765808279389,1.0,1.0,0.008633559726001439,0.008633559726001439,0.0,1.5084446762312076
2019-03-28,79.61252795904322,-1.0,1.0,-0.024447829659889786,-0.024447829659889786,0.0,1.4715664777353394
2019-03-29,82.01240493055984,1.0,-1.0,0.030144463855628745,-0.031144463855628746,2.0,1.4257353287583563
2019-04-01,84.32928672108025,-1.0,1.0,0.02825038227426835,0.027250382274268348,2.0,1.464587161488951
2019-04-02,86.16337385264559,-1.0,-1.0,0.02174911235323962,-0.02274911235323962,2.0,1.4312691036011265
2019-04-03,83.33721770201944,-1.0,-1.0,-0.032799970849091475,0.032799970849091475,0.0,1.4782146884764489
2019-04-04,84.90374444672133,-1.0,-1.0,0.018797444741953884,-0.018797444741953884,0.0,1.4504280295530683
2019-04-05,85.68977563881923,-1.0,-1.0,0.009257909615413284,-0.009257909615413284,0.0,1.437000097951804
2019-04-08,82.7129731912076,-1.0,-1.0,-0.03473929562097111,0.03473929562097111,0.0,1.4869204691619162
2019-04-09,82.68810737990223,-1.0,-1.0,-0.0003006277050140449,0.0003006277050140449,0.0,1.4873674786500986
2019-04-10,83.37904673589492,1.0,-1.0,0.008355970137498003,-0.008355970137498003,0.0,1.4749390804150126
2019-04-11,84.43360628912025,-1.0,1.0,0.01264777656388505,0.011647776563885048,2.0,1.492118841269029
2019-04-12,84.78631711351778,-1.0,-1.0,0.004177374861731753,-0.005177374861731753,2.0,1.4843935826895263
2019-04-15,85.35593731329261,-1.0,-1.0,0.006718303367419409,-0.006718303367419409,0.0,1.4744209762843674
2019-04-16,88.21207348436288,-1.0,-1.0,0.03346148212967348,-0.03346148212967348,0.0,1.4250846651348124
2019-04-17,90.66468394048066,-1.0,-1.0,0.027803568822725166,-0.027803568822725166,0.0,1.3854622255695264
2019-04-18,85.10043688312541,-1.0,-1.0,-0.06137171405139463,0.06137171405139463,0.0,1.4704904171061883
2019-04-19,84.5236526992544,-1.0,-1.0,-0.006777687694637269,0.006777687694637269,0.0,1.480456941911291
2019-04-22,84.23567676206524,-1.0,-1.0,-0.003407045578281087,0.003407045578281087,0.0,1.4855009261890653
2019-04-23,81.04509718576224,-1.0,-1.0,-0.03787682011881033,0.03787682011881033,0.0,1.5417669775566547
2019-04-24,81.23386830491242,1.0,-1.0,0.002329210843161844,-0.002329210843161844,0.0,1.5381758771949008
2019-04-25,83.53454028507386,1.0,1.0,0.028321585911997182,0.02732158591199718,2.0,1.580201281571443
2019-04-26,81.56537398520143,-1.0,1.0,-0.02357307879055004,-0.02357307879055004,0.0,1.5429510722560313
2019-04-29,82.19563963129593,1.0,-1.0,0.0077271226171151675,-0.008727122617115168,2.0,1.5294855490562436
2019-04-30,80.562473955641,-1.0,1.0,-0.01986924954876934,-0.020869249548769342,2.0,1.4975663334517524
2019-05-01,79.38997747822017,1.0,-1.0,-0.014553878745908633,0.013553878745908632,2.0,1.5178641659493124
2019-05-02,82.05336508121329,1.0,1.0,0.033548159195835314,0.03254815919583531,2.0,1.5672678504602846
2019-05-03,81.09143077692835,-1.0,1.0,-0.011723276715499109,-0.011723276715499109,0.0,1.5488943357620333
2019-05-06,81.94632412888619,-1.0,-1.0,0.010542338984121935,-0.011542338984121936,2.0,1.5310164722880815
2019-05-07,78.63448247149785,-1.0,-1.0,-0.040414767746988045,0.040414767746988045,0.0,1.5928921474324171
2019-05-08,81.969176435041,1.0,-1.0,0.042407527317953164,-0.042407527317953164,0.0,1.525341530175624
2019-05-09,83.09167690570224,1.0,1.0,0.013694177732172186,0.012694177732172185,2.0,1.5447044866619368
2019-05-10,82.77581243581221,-1.0,1.0,-0.0038013972235569904,-0.0038013972235569904,0.0,1.5388324513151241
2019-05-13,83.85894099691828,-1.0,-1.0,0.013085085234844085,-0.014085085234844086,2.0,1.5171578650762065
2019-05-14,81.29731510212727,-1.0,-1.0,-0.03054684288089382,0.03054684288089382,0.0,1.5635022480062015
2019-05-15,83.47710675878479,1.0,-1.0,0.02681259096833899,-0.02681259096833899,0.0,1.5215807017523328
2019-05-16,82.89929085093833,1.0,1.0,-0.006921848759278593,-0.007921848759278594,2.0,1.5095269695580138
2019-05-17,82.54466847172974,1.0,1.0,-0.0042777492493421,-0.0042777492493421,0.0,1.5030695916971253
2019-05-20,81.66910249424038,1.0,1.0,-0.010607177831106429,-0.010607177831106429,0.0,1.4871262652454653
2019-05-21,80.64352594193012,1.0,1.0,-0.012557705680463216,-0.012557705680463216,0.0,1.4684513712968263
2019-05-22,81.91484161156198,1.0,1.0,0.015764633983728737,0.015764633983728737,0.0,1.4916009696882253
2019-05-23,82.40060201300857,1.0,1.0,0.005930065808465335,0.005930065808465335,0.0,1.5004462615984473
2019-05-24,83.6199933571552,1.0,1.0,0.014798330526203163,0.014798330526203163,0.0,1.522650361314387
2019-05-27,83.62359599600005,1.0,1.0,4.308346246162387e-05,4.308346246162387e-05,0.0,1.5227159623640707
2019-05-28,84.60077891760848,1.0,1.0,0.011685492712549372,0.011685492712549372,0.0,1.5405096486455587
2019-05-29,83.83864444721786,1.0,1.0,-0.009008598740359752,-0.009008598740359752,0.0,1.5266318153652583
2019-05-30,88.10894263944954,-1.0,1.0,0.05093472372302155,0.05093472372302155,0.0,1.6043903851076626
2019-05-31,85.11854837892588,1.0,-1.0,-0.03393973609194978,0.03293973609194978,2.0,1.6572385809815708
2019-06-03,87.5528827287126,1.0,1.0,0.02859934052152413,0.02759934052152413,2.0,1.7029772729034889
2019-06-04,90.2707009799187,1.0,1.0,0.031042019023261647,0.031042019023261647,0.0,1.7558411258051412
2019-06-05,88.6020807695293,1.0,1.0,-0.01848462670917561,-0.01848462670917561,0.0,1.7233850580340144
2019-06-06,93.11405715926693,1.0,1.0,0.05092404546879825,0.05092404546879825,0.0,1.811146797089586
2019-06-07,95.21496984273054,1.0,1.0,0.022562787484064817,0.022562787484064817,0.0,1.852011317374763
2019-06-10,97.31072657809369,-1.0,1.0,0.022010790307708694,0.022010790307708694,0.0,1.8927755501290022
2019-06-11,97.39439689922192,-1.0,-1.0,0.0008598262912062893,-0.0018598262912062893,2.0,1.8892553163975199
2019-06-12,96.94948047641162,-1.0,-1.0,-0.004568193212086569,0.004568193212086569,0.0,1.8978857997097858
2019-06-13,96.52332650252785,-1.0,-1.0,-0.004395629267837653,0.004395629267837653,0.0,1.9062282020780033
2019-06-14,97.38599310278285,-1.0,-1.0,0.008937389867436973,-0.008937389867436973,0.0,1.8891914974597288
2019-06-17,100.48317233009863,-1.0,-1.0,0.03180312823885223,-0.03180312823885223,0.0,1.8291092979982677
2019-06-18,100.9119965171212,-1.0,-1.0,0.004267621902041885,-0.004267621902041885,0.0,1.821303351096902
2019-06-19,98.91655703872067,-1.0,-1.0,-0.019774056081250713,0.019774056081250713,0.0,1.8573179057024618
2019-06-20,100.76544688137659,-1.0,-1.0,0.01869140918372425,-0.01869140918372425,0.0,1.8226020167427193
2019-06-21,102.86928681866492,-1.0,-1.0,0.02087858489592187,-0.02087858489592187,0.0,1.784548665804678
2019-06-24,104.39831993525192,-1.0,-1.0,0.014863844825543815,-0.014863844825543815,0.0,1.7580234113525262
2019-06-25,106.16370694939583,-1.0,-1.0,0.016910109427419995,-0.016910109427419995,0.0,1.7282950430905888
2019-06-26,105.55296508250056,-1.0,-1.0,-0.005752831023377758,0.005752831023377758,0.0,1.7382376324320306
2019-06-27,103.42550895564267,-1.0,-1.0,-0.02015534215637682,0.02015534215637682,0.0,1.7732724066627887
2019-06-28,101.47764019817625,-1.0,-1.0,-0.018833542876756204,0.018833542876756204,0.0,1.8066694085658412
2019-07-01,97.88682374432318,-1.0,-1.0,-0.03538529716340011,0.03538529716340011,0.0,1.870598942463968
2019-07-02,98.42591422605432,-1.0,-1.0,0.005507283422937714,-0.005507283422937714,0.0,1.8602970239171712
2019-07-03,98.26735086489307,-1.0,-1.0,-0.0016109920076238238,0.0016109920076238238,0.0,1.8632939475545083
2019-07-04,97.33646417245613,-1.0,-1.0,-0.009473000790637065,0.009473000790637065,0.0,1.8809449325928815
2019-07-05,91.1835156851209,-1.0,-1.0,-0.0632131908596324,0.0632131908596324,0.0,1.9998454636133336
2019-07-08,88.71724718409068,1.0,-1.0,-0.027047306549868533,0.027047306549868533,0.0,2.0539358969200476
2019-07-09,90.97146044461883,1.0,1.0,0.025408963105568283,0.024408963105568282,2.0,2.104070342449172
2019-07-10,89.6619574264719,1.0,1.0,-0.014394657530469313,-0.014394657530469313,0.0,2.0737829704495985
2019-07-11,90.40326598206595,1.0,1.0,0.008267815881690455,0.008267815881690455,0.0,2.090928626227861
2019-07-12,87.67892376487804,1.0,1.0,-0.03013544021438741,-0.03013544021438741,0.0,2.02791757161962
2019-07-15,90.54268327685992,1.0,1.0,0.032661891695447975,0.032661891695447975,0.0,2.094153195711156
2019-07-16,90.27547383780566,1.0,1.0,-0.00295119858815307,-0.00295119858815307,0.0,2.087972933756597
2019-07-17,90.87957173419954,1.0,1.0,0.006691716705682804,0.006691716705682804,0.0,2.1019450571184297
2019-07-18,95.71212447147508,1.0,1.0,0.05317534672598989,0.05317534672598989,0.0,2.2137167143296828
2019-07-19,99.00877605187274,-1.0,1.0,0.03444340618915165,0.03444340618915165,0.0,2.2899646583090543
2019-07-22,98.36143713136065,-1.0,-1.0,-0.0065381973833607,0.0055381973833607,2.0,2.30264693458769
2019-07-23,97.0991779271613,-1.0,-1.0,-0.012832866629567508,0.012832866629567508,0.0,2.3321964955942365
2019-07-24,96.4237361173442,-1.0,-1.0,-0.006956205235061685,0.006956205235061685,0.0,2.3484197330660814
2019-07-25,97.54335371213139,-1.0,-1.0,0.011611431374372927,-0.011611431374372927,0.0,2.3211512184973615
2019-07-26,97.3392010733104,-1.0,-1.0,-0.0020929425845196414,0.0020929425845196414,0.0,2.326009254727664
2019-07-29,96.51281347446911,-1.0,-1.0,-0.008489771743851793,0.008489771743851793,0.0,2.3457565423743887
2019-07-30,99.72805487670783,-1.0,-1.0,0.033314140231641476,-0.033314140231641476,0.0,2.2676096799724377
2019-07-31,99.49950258936083,-1.0,-1.0,-0.0022917551899468425,0.0022917551899468425,0.0,2.272806486225288
2019-08-01,104.72958373170395,-1.0,-1.0,0.05256389234354186,-0.05256389234354186,0.0,2.1533389307656385
2019-08-02,104.96551296961316,-1.0,-1.0,0.0022527468314359478,-0.0022527468314359478,0.0,2.1484880033123486
2019-08-05,109.23018485457843,-1.0,-1.0,0.040629267311825146,-0.040629267311825146,0.0,2.0611965099095215
2019-08-06,110.12528907336335,-1.0,-1.0,0.00819465992826629,-0.00819465992826629,0.0,2.044305705465484
2019-08-07,112.52882500248124,-1.0,-1.0,0.021825467604599913,-0.021825467604599913,0.0,1.9996877775169482
2019-08-08,110.76158870819661,-1.0,-1.0,-0.01570474315577064,0.01570474315577064,0.0,2.031092360454586
2019-08-09,108.71034416005554,-1.0,-1.0,-0.018519457621225643,0.018519457621225643,0.0,2.0687070893488197
2019-08-12,109.85029984578394,-1.0,-1.0,0.010486174931522818,-0.010486174931522818,0.0,2.0470142649278267
2019-08-13,112.31155157288126,-1.0,-1.0,0.022405507591263918,-0.022405507591263918,0.0,2.001149871275561
2019-08-14,112.43861850926844,-1.0,-1.0,0.0011313790487945674,-0.0011313790487945674,0.0,1.9988858122377018
2019-08-15,109.30270871870155,-1.0,-1.0,-0.027889970831582067,0.027889970831582067,0.0,2.0546346792366745
2019-08-16,106.08037039865341,-1.0,-1.0,-0.02948086426971408,0.02948086426971408,0.0,2.1152070853390983
2019-08-19,102.80046856290348,-1.0,-1.0,-0.030919026992684562,0.030919026992684562,0.0,2.1806072303058155
2019-08-20,98.87267412704807,-1.0,-1.0,-0.03820794292831453,0.03820794292831453,0.0,2.2639237469104097
2019-08-21,99.13660195796442,-1.0,-1.0,0.0026693708170288932,-0.0026693708170288932,0.0,2.257880494928428
2019-08-22,101.6650352603468,-1.0,-1.0,0.025504538711690783,-0.025504538711690783,0.0,2.2002942944391544
2019-08-23,101.6589980319172,-1.0,-1.0,-5.938352762213661e-05,5.938352762213661e-05,0.0,2.200424955676165
2019-08-26,96.71223354521086,1.0,-1.0,-0.048660370281765286,0.048660370281765286,0.0,2.3074984487966037
2019-08-27,96.32694608319277,1.0,1.0,-0.003983854450409163,-0.004983854450409163,2.0,2.2959982123832563
2019-08-28,96.00269822795588,1.0,1.0,-0.00336611787689034,-0.00336611787689034,0.0,2.288269611755245
2019-08-29,100.59382685892717,1.0,1.0,0.0478229124359586,0.0478229124359586,0.0,2.397701329028081
2019-08-30,97.41873414191835,1.0,1.0,-0.03156349466117414,-0.03156349466117414,0.0,2.322021495930213
2019-09-02,96.60145251236032,1.0,1.0,-0.008389368192440516,-0.008389368192440516,0.0,2.302541202650093
2019-09-03,100.34932074128793,1.0,1.0,0.03879722438384725,0.03879722438384725,0.0,2.3918734103423622
2019-09-04,101.37973137859879,-1.0,1.0,0.010268237290488313,0.010268237290488313,0.0,2.4164337340885673
2019-09-05,102.67843714630528,-1.0,-1.0,0.012810309812880893,-0.013810309812880894,2.0,2.3830620355785075
2019-09-06,102.9641651113204,-1.0,-1.0,0.0027827455594009454,-0.0027827455594009454,0.0,2.3764305802812244
2019-09-09,103.74492597193911,1.0,-1.0,0.007582840688064474,-0.007582840688064474,0.0,2.3584104857847072
2019-09-10,105.57440817450512,-1.0,1.0,0.017634425832650846,0.016634425832650845,2.0,2.3976412900934387
2019-09-11,103.72100071622607,-1.0,-1.0,-0.017555461501764125,0.016555461501764124,2.0,2.437335348166621
2019-09-12,105.78541982197198,1.0,-1.0,0.019903578749630668,-0.019903578749630668,0.0,2.388823652125128
2019-09-13,102.63776480961585,-1.0,1.0,-0.029755093070986338,-0.03075509307098634,2.0,2.3153551583738463
2019-09-16,103.41243770074082,1.0,-1.0,0.007547639921445359,-0.00854763992144536,2.0,2.2955643361898055
2019-09-17,103.84783724850035,1.0,1.0,0.004210320899885378,0.003210320899885378,2.0,2.3029338343553074
2019-09-18,102.46273675266791,1.0,1.0,-0.013337788561912922,-0.013337788561912922,0.0,2.272217789800601
2019-09-19,102.43559529013848,1.0,1.0,-0.0002648910559059914,-0.0002648910559059914,0.0,2.271615899631012
2019-09-20,101.05533163470429,1.0,1.0,-0.013474453401913,-0.013474453401913,0.0,2.2410071170443895
2019-09-23,98.70567922991688,1.0,1.0,-0.02325114733462008,-0.02325114733462008,0.0,2.188901130388058
2019-09-24,97.95807263373375,1.0,1.0,-0.007574099099624476,-0.007574099099624476,0.0,2.172322176307219
2019-09-25,95.61195849608845,1.0,1.0,-0.023950186794889805,-0.023950186794889805,0.0,2.1202946544059795
2019-09-26,96.32170474002602,1.0,1.0,0.00742319533143565,0.00742319533143565,0.0,2.136034015785834
2019-09-27,93.91873400662377,1.0,1.0,-0.024947344317544196,-0.024947344317544196,0.0,2.0827456397200383
2019-09-30,95.4359450767066,1.0,1.0,0.016154509386549387,0.016154509386549387,0.0,2.1163913737066906
2019-10-01,92.99031688252886,1.0,1.0,-0.0256258602795002,-0.0256258602795002,0.0,2.0621570240673432
2019-10-02,91.85180726012719,1.0,1.0,-0.01224331371878118,-0.01224331371878118,0.0,2.0369093886842986
2019-10-03,90.61000881938318,1.0,1.0,-0.013519586361836033,-0.013519586361836033,0.0,2.0093712162927466
2019-10-04,93.33418754506339,1.0,1.0,0.030064876509508176,0.030064876509508176,0.0,2.0697827137723483
2019-10-07,94.04264817746311,1.0,1.0,0.0075905801618261215,0.0075905801618261215,0.0,2.0854935653787994
2019-10-08,93.62444473936418,1.0,1.0,-0.004446955144327247,-0.004446955144327247,0.0,2.076219469039777
2019-10-09,94.68808455845742,1.0,1.0,0.011360706299025303,0.011360706299025303,0.0,2.099806788639856
2019-10-10,90.38710007215826,-1.0,1.0,-0.04542265804990353,-0.04542265804990353,0.0,2.004427982908602
2019-10-11,90.32219423480437,1.0,-1.0,-0.000718087396343936,-0.000281912603656064,2.0,2.0038629093970988
2019-10-14,94.43521273702767,1.0,1.0,0.04553718537362994,0.04453718537362994,2.0,2.0931093232562588
2019-10-15,94.73530649823125,1.0,1.0,0.0031777739733509502,0.0031777739733509502,0.0,2.099760751587081
2019-10-16,94.90066865966918,1.0,1.0,0.0017455177752658813,0.0017455177752658813,0.0,2.1034259213027817
2019-10-17,96.08401829445022,1.0,1.0,0.012469349810639851,0.012469349810639851,0.0,2.1296542749162737
2019-10-18,98.03456981945973,1.0,1.0,0.020300478265095512,0.020300478265095512,0.0,2.1728872752363793
2019-10-21,93.80954470988704,1.0,1.0,-0.04309729840558796,-0.04309729840558796,0.0,2.0792417039338122
2019-10-22,90.39608296005012,1.0,1.0,-0.036387147602019554,-0.036387147602019554,0.0,2.003584029152498
2019-10-23,90.8402085455906,1.0,1.0,0.00491310653069732,0.00491310653069732,0.0,2.0134278509309276
2019-10-24,89.43288856463401,1.0,1.0,-0.015492258367617917,-0.015492258367617917,0.0,1.982235306459748
2019-10-25,92.09487801631224,1.0,1.0,0.02976521830393941,0.02976521830393941,0.0,2.0412369730862987
2019-10-28,91.47528013285282,1.0,1.0,-0.006727821316508731,-0.006727821316508731,0.0,2.027503895466723
2019-10-29,87.65518339036535,1.0,1.0,-0.04176097342297724,-0.04176097342297724,0.0,1.9428333591731541
2019-10-30,85.24521695276648,1.0,1.0,-0.027493712800374603,-0.027493712800374603,0.0,1.8894176567770604
2019-10-31,80.22209849931156,1.0,1.0,-0.058925516680169765,-0.058925516680169765,0.0,1.7780827451268364
2019-11-01,79.82571012649534,1.0,1.0,-0.004941136921513212,-0.004941136921513212,0.0,1.7692969948253847
2019-11-04,79.51188569429688,1.0,1.0,-0.003931370378054355,-0.003931370378054355,0.0,1.7623412330299477
2019-11-05,78.78578687167735,1.0,1.0,-0.00913195324547078,-0.00913195324547078,0.0,1.746247615287353
2019-11-06,80.71251784939123,1.0,1.0,0.024455311728396545,0.024455311728396545,0.0,1.7889526450741742
2019-11-07,82.90601793577488,-1.0,1.0,0.02717670250947557,0.02717670250947557,0.0,1.8375704789128944
2019-11-08,82.61304261019853,-1.0,-1.0,-0.0035338245988766337,0.0025338245988766337,2.0,1.8422265601945333
2019-11-11,78.81246318592542,-1.0,-1.0,-0.046004593272345184,0.046004593272345184,0.0,1.9269774438117944
2019-11-12,79.9176549636649,1.0,-1.0,0.014023058448664916,-0.014023058448664916,0.0,1.8999553264879627
2019-11-13,80.92715246828655,-1.0,1.0,0.012631720801625335,0.011631720801625334,2.0,1.9220550763812319
2019-11-14,81.50365905486133,-1.0,-1.0,0.007123772046726762,-0.008123772046726763,2.0,1.9064407390794567
2019-11-15,83.316720900474,-1.0,-1.0,0.02224515888780232,-0.02224515888780232,0.0,1.864031661928455
2019-11-18,81.21163745348575,-1.0,-1.0,-0.025266038128203272,0.025266038128203272,0.0,1.9111283569709174
2019-11-19,84.93095423066555,-1.0,-1.0,0.04579783013622962,-0.04579783013622962,0.0,1.8236028251098317
2019-11-20,83.1629925919503,-1.0,-1.0,-0.020816457965532886,0.020816457965532886,0.0,1.8615637766645579
2019-11-21,84.5762715890574,-1.0,-1.0,0.016994085386531577,-0.016994085386531577,0.0,1.829928202891446
2019-11-22,81.48970874625934,-1.0,-1.0,-0.03649443023210075,0.03649443023210075,0.0,1.8967103900216218
2019-11-25,79.84499747420939,-1.0,-1.0,-0.02018305498147266,0.02018305498147266,0.0,1.9349918001073585
2019-11-26,82.59500028977526,-1.0,-1.0,0.034441767205943385,-0.034441767205943385,0.0,1.8683472629826514
2019-11-27,82.13810797049061,1.0,-1.0,-0.005531718841112587,0.005531718841112587,0.0,1.8786824347390336
2019-11-28,83.70213980818484,1.0,1.0,0.01904148849223719,0.01804148849223719,2.0,1.912576662265946
2019-11-29,84.16312386295104,1.0,1.0,0.005507434527033617,0.005507434527033617,0.0,1.923110053011308
2019-12-02,83.98747061507889,1.0,1.0,-0.0020870571315553255,-0.0020870571315553255,0.0,1.919096412460405
2019-12-03,86.58682136996958,1.0,1.0,0.030949268216490466,0.030949268216490466,0.0,1.9784910420629467
2019-12-04,86.15414436585876,1.0,1.0,-0.004997030694337212,-0.004997030694337212,0.0,1.9686044615972869
2019-12-05,82.83827613013288,1.0,1.0,-0.038487623086880585,-0.038487623086880585,0.0,1.892837555072179
2019-12-06,81.39528469832891,1.0,1.0,-0.01741938025771006,-0.01741938025771006,0.0,1.8598654979343026
2019-12-09,82.41582900022972,1.0,1.0,0.012538125589009352,0.012538125589009352,0.0,1.8831847251260683
2019-12-10,83.16159135127286,1.0,1.0,0.009048775703524914,0.009048775703524914,0.0,1.9002252413120382
2019-12-11,80.34066260816832,1.0,1.0,-0.033921052943648,-0.033921052943648,0.0,1.8357676002966363
2019-12-12,79.07940400660607,1.0,1.0,-0.01569888224240279,-0.01569888224240279,0.0,1.8069481009151611
2019-12-13,78.08449555667812,1.0,1.0,-0.012581132374806958,-0.012581132374806958,0.0,1.7842146476631415
2019-12-16,77.47270803767955,1.0,1.0,-0.007834942322890392,-0.007834942322890392,0.0,1.7702354288070445
2019-12-17,75.1626493379283,1.0,1.0,-0.029817709465218778,-0.029817709465218778,0.0,1.717451063105839
2019-12-18,74.14028712517509,1.0,1.0,-0.013601998090257639,-0.013601998090257639,0.0,1.6940902970253624
2019-12-19,72.96946151287817,1.0,1.0,-0.015792029646717665,-0.015792029646717665,0.0,1.667337172830521
2019-12-20,74.246231851478,1.0,1.0,0.017497324389251556,0.017497324389251556,0.0,1.6965111122097942
2019-12-23,75.6083336018794,1.0,1.0,0.018345735755669557,0.018345735755669557,0.0,1.727634856780952
2019-12-24,75.38221835488457,1.0,1.0,-0.0029906127568615215,-0.0029906127568615215,0.0,1.7224681699390643
2019-12-25,74.74755137418211,1.0,1.0,-0.008419319496735689,-0.008419319496735689,0.0,1.7079661600933898
2019-12-26,74.9976829712813,1.0,1.0,0.0033463517198983883,0.0033463517198983883,0.0,1.7136816155907466
2019-12-27,73.6694832988531,1.0,1.0,-0.017709876089596066,-0.017709876089596066,0.0,1.6833325265216157
2019-12-30,71.83680751711951,1.0,1.0,-0.024877000620447065,-0.024877000620447065,0.0,1.6414562622149187
2019-12-31,70.37138331892982,1.0,1.0,-0.02039935026122186,-0.02039935026122186,0.0,1.6079716209835206
2020-01-01,69.40427709342872,1.0,1.0,-0.013742890645165762,-0.013742890645165762,0.0,1.585873442835814
2020-01-02,67.65273756740541,1.0,1.0,-0.025236766369102437,-0.025236766369102437,0.0,1.5458511252680025
2020-01-03,67.91245237949559,1.0,1.0,0.003838940173432226,0.003838940173432226,0.0,1.5517855552549393
2020-01-06,69.03669396125467,1.0,1.0,0.01655427749062577,0.01655427749062577,0.0,1.5774742439425744
2020-01-07,66.66526622357705,1.0,1.0,-0.03435025059294605,-0.03435025059294605,0.0,1.5232876083592288
2020-01-08,66.71830600910866,1.0,1.0,0.0007956134961455419,0.0007956134961455419,0.0,1.5244995565389508
2020-01-09,66.40953367508651,1.0,1.0,-0.004628000207019589,-0.004628000207019589,0.0,1.5174441722756873
2020-01-10,66.93026829388744,1.0,1.0,0.007841262993182108,0.007841262993182108,0.0,1.5293428511079725
2020-01-13,66.9270016467118,1.0,1.0,-4.880672465401581e-05,-4.880672465401581e-05,0.0,1.529268208892537
2020-01-14,64.81963748353692,1.0,1.0,-0.03148750297075975,-0.03148750297075975,0.0,1.4811153716219447
2020-01-15,63.04536750238835,1.0,1.0,-0.02737241444152172,-0.02737241444152172,0.0,1.4405736678342005
2020-01-16,63.10153637073507,1.0,1.0,0.0008909277647495273,0.0008909277647495273,0.0,1.441857114912041
2020-01-17,64.57293202749527,1.0,1.0,0.023317905417000295,0.023317905417000295,0.0,1.475478202742389
2020-01-20,61.493790678358074,1.0,1.0,-0.047684707081693145,-0.047684707081693145,0.0,1.405120456839195
2020-01-21,61.98177637641849,1.0,1.0,0.007935528004978876,0.007935528004978876,0.0,1.4162708295748112
2020-01-22,63.653676579884014,1.0,1.0,0.026974060783801823,0.026974060783801823,0.0,1.4544734050180876
2020-01-23,63.45316014093619,1.0,1.0,-0.003150115589885538,-0.003150115589885538,0.0,1.4498916456698663
2020-01-24,64.24733454065522,1.0,1.0,0.012515915644785602,0.012515915644785602,0.0,1.4680383672011497
2020-01-27,63.26856091992854,1.0,1.0,-0.015234462685877137,-0.015234462685877137,0.0,1.4456735914745877
2020-01-28,63.11634801353671,1.0,1.0,-0.002405822167892646,-0.002405822167892646,0.0,1.442195557900681
2020-01-29,60.902602785173784,1.0,1.0,-0.03507403862923342,-0.03507403862923342,0.0,1.3916119351919638
2020-01-30,57.83133383736543,1.0,1.0,-0.05042919033595117,-0.05042919033595117,0.0,1.3214340720383868
2020-01-31,59.067073748877775,1.0,1.0,0.021367999482555966,0.021367999482555966,0.0,1.349670474605935
2020-02-03,57.8047262916342,1.0,1.0,-0.021371423656611266,-0.021371423656611266,0.0,1.320826095096312
2020-02-04,57.23741547658061,1.0,1.0,-0.009814263494500763,-0.009814263494500763,0.0,1.3078631597686243
2020-02-05,55.51776406538798,1.0,1.0,-0.030044183457169638,-0.030044183457169638,0.0,1.2685694790596622
2020-02-06,53.82169230627032,1.0,1.0,-0.030550073254392074,-0.030550073254392074,0.0,1.2298145885461036
2020-02-07,53.62739409308915,1.0,1.0,-0.0036100353752447356,-0.0036100353752447356,0.0,1.22537491437646
2020-02-10,52.77937731955304,1.0,1.0,-0.015813126628231755,-0.015813126628231755,0.0,1.2059979056883665
2020-02-11,53.236259069669345,1.0,1.0,0.008656444492516568,0.008656444492516568,0.0,1.2164375596170491
2020-02-12,53.78595478797148,1.0,1.0,0.010325588760524251,0.010325588760524251,0.0,1.2289979936105104
2020-02-13,54.18287818692335,1.0,1.0,0.0073796849106160245,0.0073796849106160245,0.0,1.2380676115591354
2020-02-14,54.483274627579156,1.0,1.0,0.005544121145050429,0.005544121145050429,0.0,1.2449316083833823
2020-02-17,56.43655921233045,1.0,1.0,0.0358510863765622,0.0358510863765622,0.0,1.2895637590084474
2020-02-18,55.12936544830585,1.0,1.0,-0.023162180371531282,-0.023162180371531282,0.0,1.259694650621704
2020-02-19,55.075363710568304,1.0,1.0,-0.000979545788318159,-0.000979545788318159,0.0,1.2584607220321204
2020-02-20,56.48961186603139,1.0,1.0,0.02567841699412532,0.02567841699412532,0.0,1.2907760012231893
2020-02-21,58.10981920934587,-1.0,1.0,0.02868150956952764,0.02868150956952764,0.0,1.3277974054543888
2020-02-24,56.31982940213213,-1.0,-1.0,-0.030803568683721805,0.029803568683721804,2.0,1.367370506625916
2020-02-25,55.944416468433054,-1.0,-1.0,-0.006665732792238588,0.006665732792238588,0.0,1.3764850330510723
2020-02-26,57.66852857582684,1.0,-1.0,0.030818305315001737,-0.030818305315001737,0.0,1.334064097040974
2020-02-27,58.33578956873744,1.0,1.0,0.011570626291136143,0.010570626291136143,2.0,1.3481659900592162
2020-02-28,58.60286771541857,1.0,1.0,0.0045782897369792686,0.0045782897369792686,0.0,1.3543382845752487
2020-03-02,58.33456537196402,1.0,1.0,-0.004578314234679692,-0.004578314234679692,0.0,1.3481376983284061
2020-03-03,57.85399629463662,1.0,1.0,-0.008238153044650254,-0.008238153044650254,0.0,1.3370315336443142
2020-03-04,58.23878676356564,1.0,1.0,0.006651061181139006,0.006651061181139006,0.0,1.3459242121756947
2020-03-05,57.927576233241254,1.0,1.0,-0.005343698720713719,-0.005343698720713719,0.0,1.3387319986849138
2020-03-06,57.88669151007008,1.0,1.0,-0.0007057903304387159,-0.0007057903304387159,0.0,1.337787134585193
2020-03-09,58.001475011916604,1.0,1.0,0.001982899676112204,0.001982899676112204,0.0,1.340439832261069
2020-03-10,57.14952254318039,1.0,1.0,-0.014688462122061208,-0.014688462122061208,0.0,1.3207508325580004
2020-03-11,57.84161636415804,1.0,1.0,0.012110229275401618,0.012110229275401618,0.0,1.3367454279559554
2020-03-12,61.717457555606195,1.0,1.0,0.06700782991690124,0.06700782991690124,0.0,1.4263178382346233
2020-03-13,59.347035873785856,1.0,1.0,-0.0384076366024092,-0.0384076366024092,0.0,1.371536341024174
2020-03-16,59.789191370390114,1.0,1.0,0.00745033833778308,0.00745033833778308,0.0,1.3817547508073693
2020-03-17,58.8038072856657,1.0,1.0,-0.01648097360307188,-0.01648097360307188,0.0,1.358982087233394
2020-03-18,59.575711980646275,1.0,1.0,0.013126780911152602,0.013126780911152602,0.0,1.3768211473546876
2020-03-19,59.651448444591814,1.0,1.0,0.0012712641012186943,0.0012712641012186943,0.0,1.3785714506531184
2020-03-20,60.68216479583081,1.0,1.0,0.017278982792788167,0.017278982792788167,0.0,1.4023917630275826
2020-03-23,62.299506753325105,1.0,1.0,0.02665267402598359,0.02665267402598359,0.0,1.4397692535442812
2020-03-24,62.58078820827504,1.0,1.0,0.004514986869216697,0.004514986869216697,0.0,1.4462697928187356
2020-03-25,64.18685639445914,1.0,1.0,0.025663917508340628,0.025663917508340628,0.0,1.4833867414764406
2020-03-26,60.95002657415266,1.0,1.0,-0.05042823409849839,-0.05042823409849839,0.0,1.4085821676186578
2020-03-27,63.15291087957977,1.0,1.0,0.036142466693546815,0.036142466693546815,0.0,1.4594918016969392
2020-03-30,63.695482023676696,1.0,1.0,0.008591387737162393,0.008591387737162393,0.0,1.4720308616645272
2020-03-31,65.25167636025971,1.0,1.0,0.024431785224649838,0.024431785224649838,0.0,1.507995203520771
2020-04-01,63.52543713343105,-1.0,1.0,-0.026455093924299455,-0.026455093924299455,0.0,1.468101048774236
2020-04-02,62.38077184253415,-1.0,-1.0,-0.018019006913602142,0.01701900691360214,2.0,1.4930866706731911
2020-04-03,62.59786693579353,-1.0,-1.0,0.0034801604219869553,-0.0034801604219869553,0.0,1.487890489535318
2020-04-06,62.58912253166531,-1.0,-1.0,-0.0001396917268313702,0.0001396917268313702,0.0,1.4880983355271369
2020-04-07,62.99821141767248,-1.0,-1.0,0.006536101952862472,-0.006536101952862472,0.0,1.4783719730902465
2020-04-08,64.54691855636044,1.0,-1.0,0.024583350921189906,-0.024583350921189906,0.0,1.4420286360837171
2020-04-09,62.08401991260999,-1.0,1.0,-0.03815671915615804,-0.03915671915615804,2.0,1.3855635257654493
2020-04-10,63.4543090773773,-1.0,-1.0,0.022071527692571147,-0.023071527692571148,2.0,1.3535964585109352
2020-04-13,63.48107579001086,-1.0,-1.0,0.00042182655556022297,-0.00042182655556022297,0.0,1.353025475579223
2020-04-14,63.20992284346569,-1.0,-1.0,-0.004271398100468837,0.004271398100468837,0.0,1.358804786025498
2020-04-15,61.19582729979034,-1.0,-1.0,-0.0318635975662096,0.0318635975662096,0.0,1.4021011948984539
2020-04-16,61.89699669452128,1.0,-1.0,0.011457797462170127,-0.011457797462170127,0.0,1.3860362033858407
2020-04-17,58.68472849052932,1.0,1.0,-0.05189699622819166,-0.05289699622819166,2.0,1.3127190515632028
2020-04-20,59.54873544533045,1.0,1.0,0.01472285851915589,0.01472285851915589,0.0,1.3320460284347684
2020-04-21,57.62447130667727,1.0,1.0,-0.032314105820429706,-0.032314105820429706,0.0,1.289002152114244
2020-04-22,57.70655621920856,1.0,1.0,0.0014244800979505978,0.0014244800979505978,0.0,1.2908383100261462
2020-04-23,57.56797644047242,1.0,1.0,-0.0024014563996804794,-0.0024014563996804794,0.0,1.2877384181055813
2020-04-24,59.094495664109715,1.0,1.0,0.026516812263077894,0.026516812263077894,0.0,1.32188513598244
2020-04-27,58.874872967850244,1.0,1.0,-0.0037164662087615374,-0.0037164662087615374,0.0,1.316972394542697
2020-04-28,57.98942810844516,1.0,1.0,-0.015039435582113181,-0.015039435582113181,0.0,1.2971658730515507
2020-04-29,57.355311205972015,1.0,1.0,-0.010935043216623752,-0.010935043216623752,0.0,1.2829813081706025
2020-04-30,59.011263955925166,1.0,1.0,0.028871829219204503,0.028871829219204503,0.0,1.3200233253915357
2020-05-01,59.73142353197791,1.0,1.0,0.012203764633657466,0.012203764633657466,0.0,1.3361325793655519
2020-05-04,59.236944382351645,-1.0,1.0,-0.008278375441053032,-0.008278375441053032,0.0,1.3250715722345412
2020-05-05,58.941213156278636,1.0,-1.0,-0.004992344374891711,0.003992344374891711,2.0,1.3303617142722808
2020-05-06,56.94171509374698,1.0,1.0,-0.03392359870893946,-0.03492359870893946,2.0,1.283900695625299
2020-05-07,57.44800580784338,1.0,1.0,0.00889138504632081,0.00889138504632081,0.0,1.2953163510713426
2020-05-08,55.2626007300015,1.0,1.0,-0.03804144368651874,-0.03804144368651874,0.0,1.2460406470458352
2020-05-11,56.20494535328682,1.0,1.0,0.017052122246098422,0.017052122246098422,0.0,1.2672882844828683
2020-05-12,56.37889510636946,1.0,1.0,0.0030949189967048873,0.0030949189967048873,0.0,1.271210439068816
2020-05-13,59.45745718818357,1.0,1.0,0.05460486722923208,0.05460486722923208,0.0,1.3406247163145824
2020-05-14,58.038398449690966,-1.0,1.0,-0.023866791578409763,-0.023866791578409763,0.0,1.3086283056254375
2020-05-15,57.9202177988609,-1.0,-1.0,-0.0020362493450351016,0.0010362493450351016,2.0,1.3099843708500363
2020-05-18,60.29080976771859,1.0,-1.0,0.04092857483875556,-0.04092857483875556,0.0,1.2563685774901003
2020-05-19,61.91952464743097,1.0,1.0,0.027014314221144087,0.026014314221144086,2.0,1.2890521444424998
2020-05-20,60.98548592654599,1.0,1.0,-0.015084720469082824,-0.015084720469082824,0.0,1.269607153173513
2020-05-21,61.151666407926385,1.0,1.0,0.0027249185417748123,0.0027249185417748123,0.0,1.2730667292459654
2020-05-22,61.16758393533112,1.0,1.0,0.0002602958895439045,0.0002602958895439045,0.0,1.2733981032827033
2020-05-25,61.373706037139485,1.0,1.0,0.0033697930921430252,0.0033697930921430252,0.0,1.2776891914146935
2020-05-26,60.91462889869179,1.0,1.0,-0.007480029610235528,-0.007480029610235528,0.0,1.2681320384302337
2020-05-27,60.86882636838003,1.0,1.0,-0.0007519134752989043,-0.0007519134752989043,0.0,1.2671785128620798
2020-05-28,59.8141178318784,1.0,1.0,-0.01732756485427367,-0.01732756485427367,0.0,1.24522139499852
2020-05-29,59.91805750215244,1.0,1.0,0.0017377113303951308,0.0017377113303951308,0.0,1.2473852303254593
2020-06-01,60.23209657814177,1.0,1.0,0.005241142471583693,0.005241142471583693,0.0,1.2539229540345442
2020-06-02,60.094725869332024,1.0,1.0,-0.002280689476441,-0.002280689476441,0.0,1.2510631451490097
2020-06-03,59.04230234089487,1.0,1.0,-0.017512743642853268,-0.017512743642853268,0.0,1.2291535970069933
2020-06-04,59.70716811867087,1.0,1.0,0.011260837592972583,0.011260837592972583,0.0,1.2429948960397073
2020-06-05,59.96323660371071,1.0,1.0,0.004288739411169029,0.004288739411169029,0.0,1.2483257772382348
2020-06-08,59.49667612776813,1.0,1.0,-0.0077807753945308145,-0.0077807753945308145,0.0,1.238612834746341
2020-06-09,59.325992822552344,1.0,1.0,-0.0028687872386223834,-0.0028687872386223834,0.0,1.2350595180524269
2020-06-10,58.36099508309174,1.0,1.0,-0.016266019219382866,-0.016266019219382866,0.0,1.2149700161947043
2020-06-11,57.71500493820424,1.0,1.0,-0.011068867896576573,-0.011068867896576573,0.0,1.2015216735871437
2020-06-12,57.38555371010576,1.0,1.0,-0.005708242223165794,-0.005708242223165794,0.0,1.1946630968379248
2020-06-15,58.186312063364,1.0,1.0,0.01395400586885387,0.01395400586885387,0.0,1.2113334327025043
2020-06-16,57.7889792592996,1.0,1.0,-0.0068286301360998,-0.0068286301360998,0.0,1.2030616847190867
2020-06-17,58.21448484989514,1.0,1.0,0.007363092341297284,0.007363092341297284,0.0,1.21191993899595
2020-06-18,57.881858485122336,1.0,1.0,-0.0057138075795135634,-0.0057138075795135634,0.0,1.2049952616627515
2020-06-19,58.055014679162454,0.0,1.0,0.0029915451675524007,0.0029915451675524007,0.0,1.2086000594147022
2020-06-22,57.97787888089974,0.0,0.0,-0.001328667276875306,-0.0005,1.0,1.2079957593849948
2020-06-23,58.5557432247086,1.0,0.0,0.00996697973370031,0.0,0.0,1.2079957593849948
2020-06-24,58.223429393999496,-1.0,1.0,-0.005675170570952237,-0.0061751705709522375,1.0,1.2005361795218055
2020-06-25,57.2307522926329,0.0,-1.0,-0.017049444041660977,0.016049444041660976,2.0,1.21980411775503
2020-06-26,56.37398909981721,1.0,0.0,-0.014970329036299912,-0.0005,1.0,1.2191942156961526
2020-06-29,56.05588041874402,1.0,1.0,-0.005642827235623482,-0.0061428272356234825,1.0,1.2117049162624598
2020-06-30,55.298118131615595,1.0,1.0,-0.01351798029872775,-0.01351798029872775,0.0,1.1953251130765523
2020-07-01,55.5634147374763,1.0,1.0,0.00479757023971894,0.00479757023971894,0.0,1.2010597692658371
2020-07-02,55.29039030566595,1.0,1.0,-0.004913744648350371,-0.004913744648350371,0.0,1.1951580682522582
2020-07-03,56.77887727478329,1.0,1.0,0.026921259931218078,0.026921259931218078,0.0,1.2273332292665697
2020-07-06,55.70870978740254,0.0,1.0,-0.01884798606005611,-0.01884798606005611,0.0,1.2042004696703097
2020-07-07,55.847919431797,1.0,0.0,0.00249888473320814,-0.0005,1.0,1.2035983694354746
2020-07-08,55.16699179049911,1.0,1.0,-0.012192533727768629,-0.012692533727768629,1.0,1.1883216565367276
2020-07-09,54.879099512157495,1.0,1.0,-0.005218560392687532,-0.005218560392687532,0.0,1.1821203282061523
2020-07-10,54.97830110144475,1.0,1.0,0.001807638794533828,0.001807638794533828,0.0,1.1842571747712247
2020-07-13,53.59176309783115,1.0,1.0,-0.025219731709337334,-0.025219731709337334,0.0,1.1543905265486367
2020-07-14,53.74545789394847,1.0,1.0,0.0028678809435089825,0.0028678809435089825,0.0,1.1577011811410929
2020-07-15,54.904466886074445,1.0,1.0,0.021564780309676568,0.021564780309676568,0.0,1.1826667527766537
2020-07-16,54.642149465862765,1.0,1.0,-0.004777706352308009,-0.004777706352308009,0.0,1.1770163183192492
2020-07-17,54.812821040249695,1.0,1.0,0.00312344181287294,0.00312344181287294,0.0,1.1806926603023213
2020-07-20,55.45242722474328,1.0,1.0,0.011668915636068311,0.011668915636068311,0.0,1.1944700633475143
2020-07-21,55.36490092954901,-1.0,1.0,-0.001578403319290933,-0.001578403319290933,0.0,1.192584707834733
2020-07-22,55.02253616942817,-1.0,-1.0,-0.006183787099275917,0.005183787099275917,2.0,1.1987668130580003
2020-07-23,53.66440601253557,1.0,-1.0,-0.024683161690522204,0.024683161690522204,0.0,1.228356168133943
2020-07-24,54.060007726960926,1.0,1.0,0.007371771045652675,0.006371771045652675,2.0,1.236182972399808
2020-07-27,54.00507834821917,1.0,1.0,-0.0010160815924996625,-0.0010160815924996625,0.0,1.234926909636591
2020-07-28,53.41483934219825,1.0,1.0,-0.010929324131614515,-0.010929324131614515,0.0,1.2214299931623196
2020-07-29,53.502600772857214,1.0,1.0,0.001643015906061862,0.001643015906061862,0.0,1.2234368220692262
2020-07-30,53.17014853010733,1.0,1.0,-0.006213758545333015,-0.006213758545333015,0.0,1.2158346810614185
2020-07-31,52.87214168769552,1.0,1.0,-0.005604777316788434,-0.005604777316788434,0.0,1.2090201984200408
2020-08-03,53.241416426888335,1.0,1.0,0.0069842969738969085,0.0069842969738969085,0.0,1.2174643545332462
2020-08-04,52.469712772645984,1.0,1.0,-0.01449442381575372,-0.01449442381575372,0.0,1.1998179101980684
2020-08-05,53.09515808524111,1.0,1.0,0.01192012076195681,0.01192012076195681,0.0,1.214119884579988
2020-08-06,52.29118169833473,1.0,1.0,-0.01514217898392245,-0.01514217898392245,0.0,1.1957354639797386
2020-08-07,51.920749061697165,1.0,1.0,-0.007084036439921615,-0.007084036439921615,0.0,1.1872648303803996
2020-08-10,53.052193829842196,1.0,1.0,0.021791765114955064,0.021791765114955064,0.0,1.2131374266932964
2020-08-11,53.73224292278075,-1.0,1.0,0.01281849144862357,0.01281849144862357,0.0,1.2286880184233695
2020-08-12,53.8032285069158,-1.0,-1.0,0.0013210984740961162,-0.0023210984740961163,2.0,1.2258361125386668
2020-08-13,53.25778287295512,-1.0,-1.0,-0.010137786320584263,0.010137786320584263,0.0,1.2382633771116394
2020-08-14,52.95878802367439,-1.0,-1.0,-0.0056141062047959656,0.0056141062047959656,0.0,1.2452151192202536
2020-08-17,53.01445022690759,1.0,-1.0,0.0010510475279064124,-0.0010510475279064124,0.0,1.2439063389474856
2020-08-18,53.04913905090266,1.0,1.0,0.0006543277134176684,-0.00034567228658233164,2.0,1.2434763549990073
2020-08-19,53.00833943398937,-1.0,1.0,-0.0007690910284923191,-0.0007690910284923191,0.0,1.2425200084902353
2020-08-20,53.00284044609717,-1.0,-1.0,-0.00010373816555886428,-0.0008962618344411357,2.0,1.2414063852280959
2020-08-21,52.88960585398177,-1.0,-1.0,-0.0021363872419357666,0.0021363872419357666,0.0,1.2440585099915549
2020-08-24,52.0631690427449,-1.0,-1.0,-0.01562569427192373,0.01562569427192373,0.0,1.263497787925068
2020-08-25,51.778206303514004,1.0,-1.0,-0.005473403645424257,0.005473403645424257,0.0,1.2704134213234826
2020-08-26,52.31838435459167,1.0,1.0,0.010432536961810568,0.009432536961810567,2.0,1.2823966428768965
2020-08-27,51.54294053867543,-1.0,1.0,-0.014821631544671088,-0.014821631544671088,0.0,1.263389432342052
2020-08-28,51.44697977342281,1.0,-1.0,-0.0018617634975757191,0.0008617634975757191,2.0,1.2644781752380674
2020-08-31,50.993658219256574,1.0,1.0,-0.008811431811210468,-0.00981143181121047,2.0,1.2520718338449552
2020-09-01,51.0688084715906,1.0,1.0,0.0014737176142747277,0.0014737176142747277,0.0,1.25391703416083
2020-09-02,50.8613470269019,1.0,1.0,-0.004062390545181982,-0.004062390545181982,0.0,1.2488231334568123
2020-09-03,51.71361748911257,1.0,1.0,0.016756741848773293,0.016756741848773293,0.0,1.2697493403189242
2020-09-04,52.01726603142293,-1.0,1.0,0.005871732766989046,0.005871732766989046,0.0,1.2772049691263376
2020-09-07,51.2784143813267,0.0,-1.0,-0.01420396930607426,0.013203969306074259,2.0,1.2940691443362475
2020-09-08,51.6737472939648,1.0,0.0,0.007709538553556827,-0.0005,1.0,1.2934221097640795
2020-09-09,51.24404550502623,-1.0,1.0,-0.008315669202275111,-0.008815669202275112,1.0,1.2820197283054904
2020-09-10,50.92940136612718,1.0,-1.0,-0.00614011122264313,0.00514011122264313,2.0,1.2886094522986036
2020-09-11,51.119078324955524,1.0,1.0,0.0037243115713214703,0.0027243115713214703,2.0,1.292120025940415
2020-09-14,50.85324281224849,1.0,1.0,-0.005200318969312501,-0.005200318969312501,0.0,1.2854005896588885
2020-09-15,51.37137150294387,1.0,1.0,0.010188705027294409,0.010188705027294409,0.0,1.2984971571088333
2020-09-16,50.94426425906731,0.0,1.0,-0.00831411020147843,-0.00831411020147843,0.0,1.287701308648324
2020-09-17,50.60791759880503,1.0,0.0,-0.006602247871357103,-0.0005,1.0,1.287057457994
2020-09-18,50.25293620278225,1.0,1.0,-0.007014345044522474,-0.007514345044522475,1.0,1.277386064162507
2020-09-21,49.95066705155721,1.0,1.0,-0.00601495502681304,-0.00601495502681304,0.0,1.2697026444346917
2020-09-22,50.57516497834945,1.0,1.0,0.01250229403638703,0.01250229403638703,0.0,1.2855768402341925
2020-09-23,50.941105858673865,-1.0,1.0,0.0072355845103238,0.0072355845103238,0.0,1.294878740106222
2020-09-24,51.9284261464242,0.0,-1.0,0.019381602953211452,-0.020381602953211453,2.0,1.2684870357528224
2020-09-25,53.263203195336395,-1.0,0.0,0.025704169141357758,-0.0005,1.0,1.267852792234946
2020-09-28,52.670540745373074,-1.0,-1.0,-0.01112705234399447,0.01062705234399447,1.0,1.2813263302225064
2020-09-29,52.724230372546465,-1.0,-1.0,0.001019348319071689,-0.001019348319071689,0.0,1.2800202123816118
2020-09-30,52.05353671259445,-1.0,-1.0,-0.012720786158715414,0.012720786158715414,0.0,1.2963030757821516
2020-10-01,51.61898608500054,-1.0,-1.0,-0.00834814798451089,0.00834814798451089,0.0,1.3071248056915576
2020-10-02,51.27185413046719,-1.0,-1.0,-0.006724889054615213,0.006724889054615213,0.0,1.3159150749903687
2020-10-05,50.6864903652348,0.0,-1.0,-0.01141686360206251,0.01141686360206251,0.0,1.3309386979134314
2020-10-06,50.11073608363655,1.0,0.0,-0.011359127007009251,-0.0005,1.0,1.3302732285644747
2020-10-07,50.04255275726332,1.0,1.0,-0.00136065305964439,-0.00186065305964439,1.0,1.3277980516115833
2020-10-08,49.3837828554497,1.0,1.0,-0.01316419458074114,-0.01316419458074114,0.0,1.3103186596962395
2020-10-09,49.85888969413792,1.0,1.0,0.009620705649036498,0.009620705649036498,0.0,1.3229248498276172
2020-10-12,49.36589542723186,1.0,1.0,-0.009887790721581635,-0.009887790721581635,0.0,1.3098440457721419
2020-10-13,50.93994948347182,1.0,1.0,0.03188545538610166,0.03188545538610166,0.0,1.3516090196563604
2020-10-14,50.69772778398064,-1.0,1.0,-0.004755043967402672,-0.004755043967402672,0.0,1.3451820593411563
2020-10-15,50.750305850222276,-1.0,-1.0,0.001037089205766062,-0.002037089205766062,2.0,1.3424418034882823
2020-10-16,50.03858193666546,-1.0,-1.0,-0.014024032005980458,0.014024032005980458,0.0,1.3612682503065683
2020-10-19,51.006231385638124,1.0,-1.0,0.01933806697794571,-0.01933806697794571,0.0,1.334943953707189
2020-10-20,51.65555607517873,-1.0,1.0,0.012730301218125906,0.011730301218125905,2.0,1.3506032483934904
2020-10-21,51.838221833740505,-1.0,-1.0,0.0035362267380478762,-0.004536226738047876,2.0,1.3444766058256337
2020-10-22,51.08208775166325,-1.0,-1.0,-0.014586420122634336,0.014586420122634336,0.0,1.36408770644326
2020-10-23,51.213729610859474,-1.0,-1.0,0.0025770649750300745,-0.0025770649750300745,0.0,1.3605723637921159
2020-10-26,50.5929626739492,-1.0,-1.0,-0.012121103884194406,0.012121103884194406,0.0,1.377064002755604
2020-10-27,51.43215988352937,-1.0,-1.0,0.016587232002767793,-0.016587232002767793,0.0,1.3542223226592367
2020-10-28,51.90801753148895,-1.0,-1.0,0.009252142026257237,-0.009252142026257237,0.0,1.3416928653948654
2020-10-29,51.97534556784298,-1.0,-1.0,0.0012970642986545045,-0.0012970642986545045,0.0,1.3399526034794023
2020-10-30,50.60222680586137,-1.0,-1.0,-0.026418655748797093,0.026418655748797093,0.0,1.375352350030429
2020-11-02,50.06542184423377,-1.0,-1.0,-0.010608326856584527,0.010608326856584527,0.0,1.3899425373025234
2020-11-03,50.46065183511058,1.0,-1.0,0.007894270662623715,-0.007894270662623715,0.0,1.3789699547075633
2020-11-04,51.15596721166186,0.0,1.0,0.013779357801864123,0.012779357801864122,2.0,1.396592305156792
2020-11-05,51.801264534845906,-1.0,0.0,0.012614311845851267,-0.0005,1.0,1.3958940090042136
2020-11-06,50.90708330042306,-1.0,-1.0,-0.017261764600772334,0.016761764600772333,1.0,1.4192916557907704
2020-11-09,51.08972843699141,-1.0,-1.0,0.0035878138114981972,-0.0035878138114981972,0.0,1.4141995015855802
2020-11-10,51.68050016838801,-1.0,-1.0,0.01156341498517044,-0.01156341498517044,0.0,1.3978465258769248
2020-11-11,50.75107176841549,-1.0,-1.0,-0.017984121611520854,0.017984121611520854,0.0,1.4229855677925374
2020-11-12,50.7587082582571,-1.0,-1.0,0.00015046952853436935,-0.00015046952853436935,0.0,1.4227714518250405
2020-11-13,50.92517348940307,-1.0,-1.0,0.003279540336192266,-0.003279540336192266,0.0,1.4181054154595973
2020-11-16,50.767729152670825,-1.0,-1.0,-0.0030916799284936847,0.0030916799284936847,0.0,1.422489743509062
2020-11-17,49.74769618013326,-1.0,-1.0,-0.020092152821531095,0.020092152821531095,0.0,1.4510706248227065
2020-11-18,49.58018453710605,1.0,-1.0,-0.0033672241307549644,0.0033672241307549644,0.0,1.4559567048460393
2020-11-19,49.4123563929027,1.0,1.0,-0.0033849842587363455,-0.0043849842587363455,2.0,1.449572357613888
2020-11-20,49.343050981564204,1.0,1.0,-0.0014025927196714694,-0.0014025927196714694,0.0,1.4475391979784618
2020-11-23,49.047433296523444,1.0,1.0,-0.005991070255287001,-0.005991070255287001,0.0,1.438866888946091
2020-11-24,48.818741901720806,1.0,1.0,-0.004662657746431931,-0.004662657746431931,0.0,1.432157945100262
2020-11-25,48.80887533055238,1.0,1.0,-0.0002021062154425879,-0.0002021062154425879,0.0,1.4318684970780617
2020-11-26,49.0605739967633,1.0,1.0,0.005156821674466405,0.005156821674466405,0.0,1.4392523875787795
2020-11-27,48.90690862602513,0.0,1.0,-0.0031321559904357033,-0.0031321559904357033,0.0,1.4347444245912757
2020-11-30,48.69688193304193,0.0,0.0,-0.00429441767806682,-0.0005,1.0,1.4340270523789802
2020-12-01,48.758377195707965,1.0,0.0,0.001262817252870363,0.0,0.0,1.4340270523789802
2020-12-02,47.74230985880626,0.0,1.0,-0.02083882596878439,-0.021338825968784392,1.0,1.4034265986737364
2020-12-03,48.006910412750436,1.0,0.0,0.005542265439747451,-0.0005,1.0,1.4027248853743997
2020-12-04,48.01804221115364,1.0,1.0,0.00023187908381316902,-0.000268120916186831,1.0,1.402348785492975
2020-12-07,48.05061792510166,1.0,1.0,0.0006784057085205131,0.0006784057085205131,0.0,1.4033001469143902
2020-12-08,48.57673494293234,1.0,1.0,0.01094922480811289,0.01094922480811289,0.0,1.4186651956962137
2020-12-09,47.5476336922515,0.0,1.0,-0.021185064247109642,-0.021185064247109642,0.0,1.388610682380251
2020-12-10,46.529490012868706,1.0,0.0,-0.021413130377268663,-0.0005,1.0,1.387916377039061
2020-12-11,46.68206539862055,1.0,1.0,0.0032791114991728154,0.0027791114991728154,1.0,1.3917735514023806
2020-12-14,46.68949735319775,1.0,1.0,0.0001592036366373506,0.0001592036366373506,0.0,1.3919951268131394
2020-12-15,46.78881053214914,1.0,1.0,0.002127098910491787,0.002127098910491787,0.0,1.3949560381307935
2020-12-16,46.56078182080412,1.0,1.0,-0.004873573590599034,-0.004873573590599034,0.0,1.3881576172233125
2020-12-17,46.91616808838127,1.0,1.0,0.007632738405143336,0.007632738405143336,0.0,1.398753061180685
2020-12-18,47.415091979109256,0.0,1.0,0.010634370006265437,0.010634370006265437,0.0,1.4136279187806768
2020-12-21,47.681551436780715,0.0,0.0,0.0056197182489672315,-0.0005,1.0,1.4129211048212866
2020-12-22,47.55518669766535,0.0,0.0,-0.0026501809464590798,-0.0,0.0,1.4129211048212866
2020-12-23,46.4678694246818,-1.0,0.0,-0.022864325607556246,-0.0,0.0,1.4129211048212866
2020-12-24,46.877024763606286,1.0,-1.0,0.008805123712152696,-0.009305123712152696,1.0,1.3997736991454133
2020-12-25,47.5276205739054,-1.0,1.0,0.013878777793172148,0.012878777793172147,2.0,1.4178010735774338
2020-12-28,47.879877155380626,-1.0,-1.0,0.0074116182805210595,-0.00841161828052106,2.0,1.4058750721487874
2020-12-29,47.426486127828376,0.0,-1.0,-0.009469344001884039,0.009469344001884039,0.0,1.4191877868306377
2020-12-30,47.7934823173669,0.0,0.0,0.00773821169355382,-0.0005,1.0,1.4184781929372225
2020-12-31,48.263135489906865,-1.0,0.0,0.009826720083321971,0.0,0.0,1.4184781929372225
2021-01-01,49.11618697915496,-1.0,-1.0,0.01767501179915043,-0.01817501179915043,1.0,1.392697335043751
2021-01-04,48.65299435185994,0.0,-1.0,-0.009430549392842824,0.009430549392842824,0.0,1.4058312360511618
2021-01-05,48.542551236950175,-1.0,0.0,-0.0022700168074144544,-0.0005,1.0,1.4051283204331362
2021-01-06,48.958050901007496,-1.0,-1.0,0.008559493752793301,-0.009059493752793302,1.0,1.3923985691922993
2021-01-07,49.00088825821113,-1.0,-1.0,0.0008749808543286886,-0.0008749808543286886,0.0,1.3911802471026613
2021-01-08,48.40914571118295,-1.0,-1.0,-0.012076159597556257,0.012076159597556257,0.0,1.4079803617956408
2021-01-11,48.643767202644,-1.0,-1.0,0.004846635651470477,-0.004846635651470477,0.0,1.4011563939775917
2021-01-12,48.968507027986206,-1.0,-1.0,0.0066758773840311925,-0.0066758773840311925,0.0,1.391802445695546
2021-01-13,49.02795834839873,-1.0,-1.0,0.0012140725543978714,-0.0012140725543978714,0.0,1.3901126965450832
2021-01-14,49.159166907739895,-1.0,-1.0,0.002676198719285594,-0.002676198719285594,0.0,1.3863924787269266
2021-01-15,49.03004001575329,-1.0,-1.0,-0.002626710339272864,0.002626710339272864,0.0,1.390034130185089
2021-01-18,49.85211303319739,-1.0,-1.0,0.016766721323905998,-0.016766721323905998,0.0,1.3667278152935574
2021-01-19,49.36852336563767,-1.0,-1.0,-0.00970048485683428,0.00970048485683428,0.0,1.3799857377692266
2021-01-20,49.05977913864899,-1.0,-1.0,-0.006253867969718829,0.006253867969718829,0.0,1.3886159863733305
2021-01-21,49.077438497192375,-1.0,-1.0,0.0003599559324038992,-0.0003599559324038992,0.0,1.3881161458112046
2021-01-22,49.56983332644592,-1.0,-1.0,0.010033018110383152,-0.010033018110383152,0.0,1.3741891513809654
2021-01-25,48.76531157001305,-1.0,-1.0,-0.016230067814322235,0.016230067814322235,0.0,1.3964923344975846
2021-01-26,48.07345347675657,-1.0,-1.0,-0.014187504826318365,0.014187504826318365,0.0,1.4163050762331855
2021-01-27,47.01073627936771,1.0,-1.0,-0.02210611305265764,0.02210611305265764,0.0,1.4476140763654493
2021-01-28,47.03897874127701,1.0,1.0,0.0006007662109663858,-0.0003992337890336142,2.0,1.4470361399126834
2021-01-29,46.47042453221176,1.0,1.0,-0.012086873998528036,-0.012086873998528036,0.0,1.4295459964182424
2021-02-01,46.28373868254753,1.0,1.0,-0.004017304587670023,-0.004017304587670023,0.0,1.4238030747285462
2021-02-02,46.63547186611851,1.0,1.0,0.0075994980868649975,0.0075994980868649975,0.0,1.4346232634710183
2021-02-03,46.315968263278755,1.0,1.0,-0.006851085451799133,-0.006851085451799133,0.0,1.4247945369018393
2021-02-04,46.4459419592147,1.0,1.0,0.002806239420433121,0.002806239420433121,0.0,1.428792851497311
2021-02-05,46.30307836625908,1.0,1.0,-0.0030759111976041975,-0.0030759111976041975,0.0,1.4243980115663335
2021-02-08,46.660512237114396,-1.0,1.0,0.007719440768667818,0.007719440768667818,0.0,1.435393567647628
2021-02-09,46.91812515797054,-1.0,-1.0,0.005521004989123002,-0.006521004989123002,2.0,1.4260333590316427
2021-02-10,46.5706595857784,0.0,-1.0,-0.007405785525790853,0.007405785525790853,0.0,1.4365942562412544
2021-02-11,46.494730359339044,-1.0,0.0,-0.0016304090840607577,-0.0005,1.0,1.4358759591131338
2021-02-12,47.04708999363851,-1.0,-1.0,0.011880048126540421,-0.012380048126540422,1.0,1.4180997456355708
2021-02-15,47.26397904150893,-1.0,-1.0,0.0046100417241481395,-0.0046100417241481395,0.0,1.411562246639187
2021-02-16,46.54867310846906,-1.0,-1.0,-0.015134272389797365,0.015134272389797365,0.0,1.4329252141749789
2021-02-17,46.89942445973915,-1.0,-1.0,0.007535152515577792,-0.007535152515577792,0.0,1.4221279041427535
2021-02-18,46.34986904633205,-1.0,-1.0,-0.011717743228999877,0.011717743228999877,0.0,1.438792033762294
2021-02-19,47.09265456510657,1.0,-1.0,0.01602562281313058,-0.01602562281313058,0.0,1.4157344953226823
2021-02-22,47.64174014360015,-1.0,1.0,0.011659686283653103,0.010659686283653103,2.0,1.4308257809037679
2021-02-23,47.8064856841445,0.0,-1.0,0.0034580084616508966,-0.004458008461650897,2.0,1.4244471474653506
2021-02-24,47.90129996591409,-1.0,0.0,0.001983293279410381,-0.0005,1.0,1.423734923891618
2021-02-25,47.8017957427999,-1.0,-1.0,-0.0020772760485623376,0.0015772760485623376,1.0,1.425980546886574
2021-02-26,48.17422217449895,-1.0,-1.0,0.007791055250369938,-0.007791055250369938,0.0,1.4148706536598281
2021-03-01,47.98801833030634,0.0,-1.0,-0.0038652174500739545,0.0038652174500739545,0.0,1.4203394363999515
2021-03-02,48.12497196681167,-1.0,0.0,0.0028539131489586644,-0.0005,1.0,1.4196292666817516
2021-03-03,48.604027844413814,-1.0,-1.0,0.009954413644801985,-0.010454413644801985,1.0,1.4047878751055938
2021-03-04,48.313729488468844,-1.0,-1.0,-0.005972722196486369,0.005972722196486369,0.0,1.413178282828592
2021-03-05,47.996215640290814,-1.0,-1.0,-0.006571917579946129,0.006571917579946129,0.0,1.4224655740291112
2021-03-08,47.37612370265457,-1.0,-1.0,-0.012919600626089878,0.012919600626089878,0.0,1.440843261149929
2021-03-09,46.831437234092235,-1.0,-1.0,-0.011497067003221506,0.011497067003221506,0.0,1.45740873266451
2021-03-10,45.9025865175046,1.0,-1.0,-0.019833914384148943,0.019833914384148943,0.0,1.4863148526908891
2021-03-11,46.28653707545378,1.0,1.0,0.008364464555886464,0.007364464555886464,2.0,1.497260765742419
2021-03-12,47.23544657337274,1.0,1.0,0.02050076669965839,0.02050076669965839,0.0,1.5279557593894564
2021-03-15,47.99924370598068,-1.0,1.0,0.0161699991852835,0.0161699991852835,0.0,1.552662802773933
2021-03-16,47.152876737096754,-1.0,-1.0,-0.017632923011628,0.016632923011627998,2.0,1.5784881236354904
2021-03-17,47.544663245931446,-1.0,-1.0,0.008308856976407153,-0.008308856976407153,0.0,1.565372691577246
2021-03-18,48.31173426274078,-1.0,-1.0,0.016133693340965483,-0.016133693340965483,0.0,1.5401174486070168
2021-03-19,48.0791176702971,-1.0,-1.0,-0.004814908758576153,0.004814908758576153,0.0,1.5475329735995504
2021-03-22,48.14468641873256,-1.0,-1.0,0.0013637677148132799,-0.0013637677148132799,0.0,1.5454224980925464
2021-03-23,47.09597057649799,-1.0,-1.0,-0.021782587451364632,0.021782587451364632,0.0,1.5790857988065536
2021-03-24,47.24670116393114,-1.0,-1.0,0.0032004985901781247,-0.0032004985901781247,0.0,1.574031936933703
2021-03-25,46.70397543719091,-1.0,-1.0,-0.011487060754932776,0.011487060754932776,0.0,1.5921129374234653
2021-03-26,46.818607893344335,1.0,-1.0,0.0024544475085976902,-0.0024544475085976902,0.0,1.5882051797908001
2021-03-29,46.02615549720915,-1.0,1.0,-0.016926013646976434,-0.017926013646976435,2.0,1.5597349920636716
2021-03-30,46.31503202512006,1.0,-1.0,0.00627635579792063,-0.00727635579792063,2.0,1.5483858053109494
2021-03-31,46.85526574854281,-1.0,1.0,0.011664327968719634,0.010664327968719634,2.0,1.5648982993608953
2021-04-01,46.46123975714982,0.0,-1.0,-0.008409428163477006,0.007409428163477006,2.0,1.5764933008931574
2021-04-02,45.890195741864495,-1.0,0.0,-0.012290761466334899,-0.0005,1.0,1.575705054242711
2021-04-05,44.81692473955794,1.0,-1.0,-0.02338780615240299,0.02288780615240299,1.0,1.6117694860775795
2021-04-06,44.69538408867816,1.0,1.0,-0.002711936429955486,-0.003711936429955486,2.0,1.6057867002055175
2021-04-07,44.41868524849644,1.0,1.0,-0.006190769937959084,-0.006190769937959084,0.0,1.5958456441751108
2021-04-08,43.67178442292492,1.0,1.0,-0.016815014253417138,-0.016815014253417138,0.0,1.5690114769220527
2021-04-09,43.90213373300678,1.0,1.0,0.005274556859209412,0.005274556859209412,0.0,1.5772873171698303
2021-04-12,43.69406217494461,1.0,1.0,-0.0047394406688194834,-0.0047394406688194834,0.0,1.5698118575124225
2021-04-13,43.18631539685638,1.0,1.0,-0.011620498365551124,-0.011620498365551124,0.0,1.5515698613879767
2021-04-14,42.93181872279435,1.0,1.0,-0.005892993456917073,-0.005892993456917073,0.0,1.5424264703468675
2021-04-15,43.45512731582241,1.0,1.0,0.012189294760769576,0.012189294760769576,0.0,1.561227561240739
2021-04-16,43.75700356384461,1.0,1.0,0.006946849927011778,0.006946849927011778,0.0,1.572073174810593
2021-04-19,43.704373763864176,-1.0,1.0,-0.001202774314828181,-0.001202774314828181,0.0,1.5701823255749003
2021-04-20,44.01587083693809,-1.0,-1.0,0.007127366124885848,-0.008127366124885849,2.0,1.5574208789321284
2021-04-21,43.4633208260963,-1.0,-1.0,-0.012553426760287811,0.012553426760287811,0.0,1.576971847870746
2021-04-22,43.489275357117165,-1.0,-1.0,0.0005971594099933863,-0.0005971594099933863,0.0,1.5760301442924953
2021-04-23,43.570739640320994,-1.0,-1.0,0.001873203968906667,-0.001873203968906667,0.0,1.5730779183710901
2021-04-26,43.3546885702143,-1.0,-1.0,-0.0049586275534959645,0.0049586275534959645,0.0,1.5808782258809213
2021-04-27,43.574880849240714,-1.0,-1.0,0.005078857357487587,-0.005078857357487587,0.0,1.572849170872114
2021-04-28,43.209756705799265,-1.0,-1.0,-0.008379234465487051,0.008379234465487051,0.0,1.5860284428536984
2021-04-29,43.46503298295392,-1.0,-1.0,0.005907838798832943,-0.005907838798832943,0.0,1.5766584424829546
2021-04-30,43.74219975358063,-1.0,-1.0,0.006376775803561552,-0.006376775803561552,0.0,1.5666044450764482
2021-05-03,42.36018855978559,-1.0,-1.0,-0.03159446030562074,0.03159446030562074,0.0,1.6161004670310253
2021-05-04,42.933136334894506,1.0,-1.0,0.01352561909162131,-0.01352561909162131,0.0,1.5942417077001723
2021-05-05,41.516587986277806,1.0,1.0,-0.03299428994814391,-0.03399428994814391,2.0,1.5400465928411886
2021-05-06,41.243810107846485,1.0,1.0,-0.006570334694206537,-0.006570334694206537,0.0,1.5299279712815497
2021-05-07,41.72527787617446,1.0,1.0,0.011673697630480984,0.011673697630480984,0.0,1.5477878878147058
2021-05-10,41.58865775250653,1.0,1.0,-0.003274277143782478,-0.003274277143782478,0.0,1.5427200013102107
2021-05-11,40.92782022531996,1.0,1.0,-0.015889849850870386,-0.015889849850870386,0.0,1.518206412127457
2021-05-12,40.44414601136758,1.0,1.0,-0.01181773696448063,-0.01181773696448063,0.0,1.5002646480911468
2021-05-13,40.916985384847926,1.0,1.0,0.011691169677496616,0.011691169677496616,0.0,1.51780449665313
2021-05-14,40.06406199493476,1.0,1.0,-0.020845215792193117,-0.020845215792193117,0.0,1.4861655343900346
2021-05-17,40.57835899794383,1.0,1.0,0.012836866193799645,0.012836866193799645,0.0,1.5052432424968363
2021-05-18,40.56323341769971,1.0,1.0,-0.00037274992428559806,-0.00037274992428559806,0.0,1.504682163192164
2021-05-19,40.04004722596622,1.0,1.0,-0.012898039619918533,-0.012898039619918533,0.0,1.4852747130359267
2021-05-20,39.79149742425279,1.0,1.0,-0.006207530183736765,-0.006207530183736765,0.0,1.4760548254236152
2021-05-21,39.35462208109284,1.0,1.0,-0.010979112912038125,-0.010979112912038125,0.0,1.4598490528309307
2021-05-24,39.743858510395455,1.0,1.0,0.009890488301490086,0.009890488301490086,0.0,1.4742876728098964
2021-05-25,40.077449430646574,1.0,1.0,0.008393521232063161,0.008393521232063161,0.0,1.4866621376937952
2021-05-26,39.33015966103487,1.0,1.0,-0.018646140915351328,-0.018646140915351328,0.0,1.4589416259808392
2021-05-27,39.16388935746789,1.0,1.0,-0.004227552214381425,-0.004227552214381425,0.0,1.4527738740792706
2021-05-28,38.80011166314548,1.0,1.0,-0.009288599786452023,-0.009288599786452023,0.0,1.439279638982735
2021-05-31,39.369929344880966,1.0,1.0,0.014685980460121595,0.014685980460121595,0.0,1.4604168716374861
2021-06-01,38.79424510137337,1.0,1.0,-0.014622435271971046,-0.014622435271971046,0.0,1.4390620204618725
2021-06-02,39.49981661516889,1.0,1.0,0.01818753044302812,0.01818753044302812,0.0,1.4652350047684284
2021-06-03,39.49464081394422,-1.0,1.0,-0.00013103355074006728,-0.00013103355074006728,0.0,1.4650430098230849
2021-06-04,38.99840565008992,-1.0,-1.0,-0.0125646202529609,0.0115646202529609,2.0,1.4819856758859438
2021-06-07,38.715883779792534,1.0,-1.0,-0.007244446678982053,0.007244446678982053,0.0,1.4927218420939146
2021-06-08,38.382457924554814,1.0,1.0,-0.00861212047061033,-0.00961212047061033,2.0,1.4783736199185964
2021-06-09,37.8528769046682,1.0,1.0,-0.013797475422954064,-0.013797475422954064,0.0,1.4579757962318258
2021-06-10,37.901717272490544,1.0,1.0,0.0012902683181874597,0.0012902683181874597,0.0,1.459856976210388
2021-06-11,37.398128719669,1.0,1.0,-0.013286694879839911,-0.013286694879839911,0.0,1.4404603019992748
2021-06-14,36.51361248532201,1.0,1.0,-0.02365135007094077,-0.02365135007094077,0.0,1.406391471133397
2021-06-15,36.36889127984869,1.0,1.0,-0.003963486371870051,-0.003963486371870051,0.0,1.4008172577040454
2021-06-16,35.65764887690782,1.0,1.0,-0.019556339990352,-0.019556339990352,0.0,1.3734223991480325
2021-06-17,35.369950296694824,1.0,1.0,-0.008068355297516927,-0.008068355297516927,0.0,1.3623411392581382
2021-06-18,35.02357855891913,1.0,1.0,-0.00979282512048274,-0.00979282512048274,0.0,1.348999970726944
2021-06-21,34.69516940852061,1.0,1.0,-0.009376801683644076,-0.009376801683644076,0.0,1.3363506655301958
2021-06-22,35.481915920155885,1.0,1.0,0.02267596685785489,0.02267596685785489,0.0,1.3666537089322308
2021-06-23,35.51256877763963,-1.0,1.0,0.0008639008545288096,0.0008639008545288096,0.0,1.3678343622392224
2021-06-24,35.61778875452591,-1.0,-1.0,0.0029628939980408386,-0.003962893998040839,2.0,1.3624137796547906
2021-06-25,34.93148038265512,-1.0,-1.0,-0.019268696790829987,0.019268696790829987,0.0,1.3886657176786075
2021-06-28,34.687384884443894,1.0,-1.0,-0.006987837204071812,0.006987837204071812,0.0,1.3983694876446213
2021-06-29,34.77856397579242,1.0,1.0,0.002628595140633294,0.0016285951406332941,2.0,1.4006468653970094
2021-06-30,34.393940672398415,1.0,1.0,-0.011059206000044286,-0.011059206000044286,0.0,1.3851568231792677
2021-07-01,34.75022877186152,1.0,1.0,0.010359036868055949,0.010359036868055949,0.0,1.3995057137786209
2021-07-02,34.298101548707585,-1.0,1.0,-0.013010769687940571,-0.013010769687940571,0.0,1.3812970672596903
2021-07-05,34.19752148210403,1.0,-1.0,-0.002932525768539085,0.0019325257685390848,2.0,1.3839664594361771
2021-07-06,33.98413287540775,1.0,1.0,-0.006239885156821834,-0.007239885156821834,2.0,1.373946701208966
2021-07-07,34.054209331270016,1.0,1.0,0.0020620345418014274,0.0020620345418014274,0.0,1.376779826765453
2021-07-08,33.82129574817234,1.0,1.0,-0.006839494666634471,-0.006839494666634471,0.0,1.3673633484831607
2021-07-09,33.72789921744855,1.0,1.0,-0.0027614710985410795,-0.0027614710985410795,0.0,1.36358741411512
2021-07-12,33.64772666878847,1.0,1.0,-0.0023770394990567656,-0.0023770394990567656,0.0,1.3603461129713517
2021-07-13,33.38282228310609,1.0,1.0,-0.007872876176449384,-0.007872876176449384,0.0,1.349636276466814
2021-07-14,33.57083806248542,1.0,1.0,0.005632111562792641,0.005632111562792641,0.0,1.357237578545067
2021-07-15,33.66769837191124,-1.0,1.0,0.0028852514568011856,0.0028852514568011856,0.0,1.3611535502457894
2021-07-16,33.642646679608845,-1.0,-1.0,-0.0007440868700219205,-0.0002559131299780795,2.0,1.3608052131803652
2021-07-19,33.49044353095898,-1.0,-1.0,-0.004524113399856811,0.004524113399856811,0.0,1.3669616502799096
2021-07-20,33.79556144774281,1.0,-1.0,0.009110596475134125,-0.009110596475134125,0.0,1.354507814287226
2021-07-21,33.7153386512358,-1.0,1.0,-0.0023737672365958806,-0.0033737672365958806,2.0,1.3499380202016706
2021-07-22,33.60889089683487,-1.0,-1.0,-0.0031572500428384,0.0021572500428384,2.0,1.3528501740535799
2021-07-23,33.65593554519087,-1.0,-1.0,0.0013997679512962602,-0.0013997679512962602,0.0,1.350956497737034
2021-07-26,34.303161142140304,-1.0,-1.0,0.019230652378698032,-0.019230652378698032,0.0,1.3249767229503098
2021-07-27,33.80521680512186,0.0,-1.0,-0.014515989793335349,0.014515989793335349,0.0,1.3442100715370633
2021-07-28,34.10311060125024,1.0,0.0,0.008812065837224603,-0.0005,1.0,1.3435379665012948
2021-07-29,33.40271507770929,-1.0,1.0,-0.02053758473032896,-0.021037584730328962,1.0,1.31527317269261
2021-07-30,33.49124897306649,1.0,-1.0,0.002650499971371678,-0.003650499971371678,2.0,1.3104717680133495
2021-08-02,34.08935454839745,1.0,1.0,0.01785856286852594,0.01685856286852594,2.0,1.3325644387018312
2021-08-03,34.28270826375036,-1.0,1.0,0.005671967624919283,0.005671967624919283,0.0,1.3401227010562666
2021-08-04,34.35580167007101,-1.0,-1.0,0.0021320779489857333,-0.0031320779489857333,2.0,1.335925332295353
2021-08-05,34.15111783891553,-1.0,-1.0,-0.005957766118256158,0.005957766118256158,0.0,1.3438844629766225
2021-08-06,34.171010312488164,1.0,-1.0,0.0005824838198988935,-0.0005824838198988935,0.0,1.343101672021125
2021-08-09,34.08376319825382,1.0,1.0,-0.002553249477743935,-0.003553249477743935,2.0,1.338329296706459
2021-08-10,33.796090294707,0.0,1.0,-0.00844017433971489,-0.00844017433971489,0.0,1.3270335641183086
2021-08-11,33.695671283410384,0.0,0.0,-0.002971320363419183,-0.0005,1.0,1.3263700473362496
2021-08-12,33.777905974271896,1.0,0.0,0.0024405120221480114,0.0,0.0,1.3263700473362496
2021-08-13,33.499781327490105,-1.0,1.0,-0.008233922108541458,-0.008733922108541459,1.0,1.3147856346557125
2021-08-16,33.20956025403443,1.0,-1.0,-0.008663372176030304,0.007663372176030304,2.0,1.3248613263057776
2021-08-17,32.72027536417962,1.0,1.0,-0.014733254102495041,-0.015733254102495042,2.0,1.3040169464084401
2021-08-18,32.87015077311925,1.0,1.0,0.004580505734487206,0.004580505734487206,0.0,1.3099900035093326
2021-08-19,33.07735951867195,1.0,1.0,0.006303857471872343,0.006303857471872343,0.0,1.318247993781033
2021-08-20,33.17032167610116,1.0,1.0,0.002810446746111639,0.002810446746111639,0.0,1.321952859565723
2021-08-23,33.53516033107116,0.0,1.0,0.010998948353065252,0.010998948353065252,0.0,1.3364929507932735
2021-08-24,33.575838988189105,0.0,0.0,0.001213015137436324,-0.0005,1.0,1.3358247043178768
2021-08-25,33.73011419276825,0.0,0.0,0.0045948279842957795,0.0,0.0,1.3358247043178768
2021-08-26,33.85198919216123,-1.0,0.0,0.00361324004705299,0.0,0.0,1.3358247043178768
2021-08-27,33.82570300521942,0.0,-1.0,-0.0007765034660917047,0.0002765034660917047,1.0,1.3361940644787116
2021-08-30,33.6352240755132,-1.0,0.0,-0.005631189089457367,-0.0005,1.0,1.3355259674464723
2021-08-31,34.47933522002595,0.0,-1.0,0.02509604641306007,-0.02559604641306007,1.0,1.3013417827978655
2021-09-01,34.315168928023574,0.0,0.0,-0.004761295162878598,-0.0005,1.0,1.3006911119064666
2021-09-02,34.07087917553235,0.0,0.0,-0.007119001891077059,-0.0,0.0,1.3006911119064666
2021-09-03,34.243370371759966,0.0,0.0,0.005062716325544336,0.0,0.0,1.3006911119064666
2021-09-06,34.347298686425106,0.0,0.0,0.0030349908182767393,0.0,0.0,1.3006911119064666
2021-09-07,33.8245410379409,0.0,0.0,-0.015219760169693175,-0.0,0.0,1.3006911119064666
2021-09-08,34.256344450878665,-1.0,0.0,0.012765979956783857,0.0,0.0,1.3006911119064666
2021-09-09,34.228736881615696,0.0,-1.0,-0.0008059111299092425,0.0003059111299092425,1.0,1.3010890077941728
2021-09-10,33.81778339003294,-1.0,0.0,-0.012006095726058708,-0.0005,1.0,1.3004384632902757
2021-09-13,34.27461163614453,-1.0,-1.0,0.01350852126654245,-0.01400852126654245,1.0,1.2822212434214442
2021-09-14,34.5214140473057,0.0,-1.0,0.007200735453436913,-0.007200735453436913,0.0,1.2729883074547894
2021-09-15,34.04890930589661,0.0,0.0,-0.013687293943452139,-0.0005,1.0,1.272351813301062
2021-09-16,34.73471594977568,-1.0,0.0,0.0201418094693655,0.0,0.0,1.272351813301062
2021-09-17,34.99768093812946,-1.0,-1.0,0.007570667591870084,-0.008070667591870084,1.0,1.262083084755996
2021-09-20,35.002057718461614,0.0,-1.0,0.00012505915291605163,-0.00012505915291605163,0.0,1.2619252497145068
2021-09-21,35.633123328985825,-1.0,0.0,0.018029386032106354,-0.0005,1.0,1.2612942870896495
2021-09-22,35.7046116717164,0.0,-1.0,0.0020062328544863117,-0.0025062328544863117,1.0,1.2581331899081696
2021-09-23,35.70199602509237,0.0,0.0,-7.325794908730199e-05,-0.0005,1.0,1.2575041233132156
2021-09-24,35.45002555869519,-1.0,0.0,-0.0070576016595848,-0.0,0.0,1.2575041233132156
2021-09-27,35.68794727740093,0.0,-1.0,0.0067114681853137625,-0.007211468185313763,1.0,1.2484356723350416
2021-09-28,35.885567413894535,-1.0,0.0,0.005537447557784958,-0.0005,1.0,1.247811454498874
2021-09-29,35.89995514660732,-1.0,-1.0,0.00040093368308324884,-0.0009009336830832488,1.0,1.246687259129379
2021-09-30,35.59537080752179,0.0,-1.0,-0.008484254028777394,0.008484254028777394,0.0,1.2572644705302727
2021-10-01,35.655172160012015,0.0,0.0,0.0016800317325980085,-0.0005,1.0,1.2566358382950076
2021-10-04,35.63607462708211,-1.0,0.0,-0.0005356174650958945,-0.0,0.0,1.2566358382950076
2021-10-05,35.12146136928162,0.0,-1.0,-0.014440795266754902,0.013940795266754902,1.0,1.2741543412415453
2021-10-06,34.56123064846178,-1.0,0.0,-0.015951236052775264,-0.0005,1.0,1.2735172640709245
2021-10-07,34.78674694340824,1.0,-1.0,0.006525123403164912,-0.007025123403164912,1.0,1.2645706481347654
2021-10-08,33.80563648098874,-1.0,1.0,-0.02820357028541909,-0.02920357028541909,2.0,1.2276406703310838
2021-10-11,33.89078069419564,-1.0,-1.0,0.002518639554524693,-0.003518639554524693,2.0,1.2233210453097136
2021-10-12,33.71964583593382,1.0,-1.0,-0.005049599175835251,0.005049599175835251,0.0,1.2294983262518915
2021-10-13,34.22044252860791,0.0,1.0,0.014851777954927758,0.013851777954927758,2.0,1.2465290640630882
2021-10-14,34.04183584496014,-1.0,0.0,-0.005219297894773267,-0.0005,1.0,1.2459057995310567
2021-10-15,34.29981646154426,-1.0,-1.0,0.007578340303356912,-0.008078340303356912,1.0,1.235840948496519
2021-10-18,34.157341173186126,-1.0,-1.0,-0.004153820721398693,0.004153820721398693,0.0,1.2409744102367368
2021-10-19,34.20858881929909,-1.0,-1.0,0.001500340610620876,-0.001500340610620876,0.0,1.2391125259323175
2021-10-20,34.49740550389438,-1.0,-1.0,0.008442812011945744,-0.008442812011945744,0.0,1.2286509318142236
2021-10-21,34.3291167159312,0.0,-1.0,-0.004878302744946383,0.004878302744946383,0.0,1.2346446630274739
2021-10-22,34.718779453415976,0.0,0.0,0.011350794158474287,-0.0005,1.0,1.2340273406959603
2021-10-25,34.34655573497873,0.0,0.0,-0.010721106107335343,-0.0,0.0,1.2340273406959603
2021-10-26,34.46712522061075,0.0,0.0,0.0035103806787015746,0.0,0.0,1.2340273406959603
2021-10-27,34.829799943715265,-1.0,0.0,0.010522337467461451,0.0,0.0,1.2340273406959603
2021-10-28,35.09396729190383,0.0,-1.0,0.007584520973863196,-0.008084520973863196,1.0,1.2240508207777834
2021-10-29,35.856142186250544,0.0,0.0,0.021718117191114716,-0.0005,1.0,1.2234387953673946
2021-11-01,35.56239496030666,0.0,0.0,-0.008192382337677273,-0.0,0.0,1.2234387953673946
2021-11-02,35.031101591489,-1.0,0.0,-0.014939752213276813,-0.0,0.0,1.2234387953673946
2021-11-03,34.655284595289935,-1.0,-1.0,-0.0107280952960489,0.0102280952960489,1.0,1.2359522439552957
2021-11-04,34.918285147458015,-1.0,-1.0,0.00758904609324218,-0.00758904609324218,0.0,1.2265725454068728
2021-11-05,35.11994376590465,-1.0,-1.0,0.005775158132624192,-0.005775158132624192,0.0,1.2194888949960128
2021-11-08,35.16815473468181,0.0,-1.0,0.0013727518784916182,-0.0013727518784916182,0.0,1.2178148393246073
2021-11-09,34.7412900941795,0.0,0.0,-0.01213781740107489,-0.0005,1.0,1.217205931904945
2021-11-10,35.046270982012004,-1.0,0.0,0.008778628744233075,0.0,0.0,1.217205931904945
2021-11-11,34.581852885500176,0.0,-1.0,-0.01325156952504869,0.01275156952504869,1.0,1.2327272179719326
2021-11-12,35.03741119204919,-1.0,0.0,0.01317333423565703,-0.0005,1.0,1.2321108543629467
2021-11-15,36.17378830182438,-1.0,-1.0,0.03243324980679674,-0.03293324980679674,1.0,1.191533439806546
2021-11-16,36.3297040544566,0.0,-1.0,0.004310185909512709,-0.004310185909512709,0.0,1.1863977091635787
2021-11-17,36.574039693221515,0.0,0.0,0.00672550589453369,-0.0005,1.0,1.185804510308997
2021-11-18,36.3833943173568,-1.0,0.0,-0.005212587328712437,-0.0,0.0,1.185804510308997
2021-11-19,35.66895871911348,-1.0,-1.0,-0.019636309685995834,0.019136309685995834,1.0,1.2084964326453205
2021-11-22,35.43983882614358,-1.0,-1.0,-0.006423509437833097,0.006423509437833097,0.0,1.2162592208860052
2021-11-23,35.0213469935842,-1.0,-1.0,-0.011808513989365554,0.011808513989365554,0.0,1.2306214349105324
2021-11-24,34.472193244051915,-1.0,-1.0,-0.015680543344974485,0.015680543344974485,0.0,1.2499182476619017
2021-11-25,35.1451571989094,1.0,-1.0,0.019521936132497197,-0.019521936132497197,0.0,1.2255174234602033
2021-11-26,35.26003409630251,-1.0,1.0,0.003268640875411233,0.002268640875411233,2.0,1.228297682380594
2021-11-29,35.417208555711404,-1.0,-1.0,0.0044575810386233705,-0.0054575810386233705,2.0,1.2215941482394486
2021-11-30,35.30447748070029,-1.0,-1.0,-0.0031829463587957907,0.0031829463587957907,0.0,1.2254824168855136
2021-12-01,35.245267944507965,-1.0,-1.0,-0.0016771112453001225,0.0016771112453001225,0.0,1.2275376872277897
2021-12-02,35.63268396434499,-1.0,-1.0,0.0109920009814366,-0.0109920009814366,0.0,1.2140445917650313
2021-12-03,35.6283931555086,0.0,-1.0,-0.00012041778387195112,0.00012041778387195112,0.0,1.2141907843242932
2021-12-06,35.84717477467226,0.0,0.0,0.006140653557086928,-0.0005,1.0,1.2135836889321312
2021-12-07,35.777877695713215,-1.0,0.0,-0.001933125257279955,-0.0,0.0,1.2135836889321312
2021-12-08,35.65090105205582,-1.0,-1.0,-0.003549026712465042,0.003049026712465042,1.0,1.2172839380174971
2021-12-09,35.10747668103023,0.0,-1.0,-0.015242935100914012,0.015242935100914012,0.0,1.235838918084083
2021-12-10,34.35422443972285,1.0,0.0,-0.02145560753770681,-0.0005,1.0,1.235220998625041
2021-12-13,34.26290091370341,1.0,1.0,-0.002658291011042091,-0.003158291011042091,1.0,1.2313198112484331
2021-12-14,34.292533027512945,1.0,1.0,0.0008648454456372523,0.0008648454456372523,0.0,1.2323847125793144
2021-12-15,33.81506658701876,0.0,1.0,-0.013923335441890838,-0.013923335441890838,0.0,1.2152258068326143
2021-12-16,33.81019330324784,1.0,0.0,-0.0001441157526151926,-0.0005,1.0,1.214618193929198
2021-12-17,33.83840437822309,0.0,1.0,0.000834395554092815,0.00033439555409281495,1.0,1.2150243568531682
2021-12-20,33.04700384534904,0.0,0.0,-0.023387643342407727,-0.0005,1.0,1.2144168446747416
2021-12-21,32.72119567389515,1.0,0.0,-0.009858932234177109,-0.0,0.0,1.2144168446747416
2021-12-22,32.877103279646114,0.0,1.0,0.004764728260689521,0.004264728260689521,1.0,1.2195960025124835
2021-12-23,33.026354554664564,0.0,0.0,0.004539672298649489,-0.0005,1.0,1.2189862045112272
2021-12-24,32.614377398510946,0.0,0.0,-0.012474194070427047,-0.0,0.0,1.2189862045112272
2021-12-27,32.679501560326536,0.0,0.0,0.0019967930406841194,0.0,0.0,1.2189862045112272
2021-12-28,33.05991425659827,0.0,0.0,0.011640712927321939,0.0,0.0,1.2189862045112272
2021-12-29,33.353908744280844,0.0,0.0,0.00889277828734536,0.0,0.0,1.2189862045112272
2021-12-30,33.326625262789875,0.0,0.0,-0.0008179995244379512,-0.0,0.0,1.2189862045112272
2021-12-31,33.16205486453113,0.0,0.0,-0.004938105702604556,-0.0,0.0,1.2189862045112272
2022-01-03,32.9393132483302,0.0,0.0,-0.006716761585216613,-0.0,0.0,1.2189862045112272
2022-01-04,33.11848777255032,0.0,0.0,0.005439534299616744,0.0,0.0,1.2189862045112272
2022-01-05,33.198107596845524,0.0,0.0,0.0024040899705932706,0.0,0.0,1.2189862045112272
2022-01-06,33.43854060746616,0.0,0.0,0.007242370967057266,0.0,0.0,1.2189862045112272
2022-01-07,33.49544032252613,0.0,0.0,0.0017016207653293147,0.0,0.0,1.2189862045112272
2022-01-10,33.80893161199635,0.0,0.0,0.009359222821125224,0.0,0.0,1.2189862045112272
2022-01-11,33.852466257485275,0.0,0.0,0.0012876669984294153,0.0,0.0,1.2189862045112272
2022-01-12,34.15639262741421,0.0,0.0,0.008977968329315855,0.0,0.0,1.2189862045112272
2022-01-13,34.49597434965466,0.0,0.0,0.009941966821399584,0.0,0.0,1.2189862045112272
2022-01-14,34.19778835829194,0.0,0.0,-0.008644080852457714,-0.0,0.0,1.2189862045112272
2022-01-17,33.52703916254871,0.0,0.0,-0.019613817967283564,-0.0,0.0,1.2189862045112272
2022-01-18,34.11383389061327,1.0,0.0,0.017502133881241777,0.0,0.0,1.2189862045112272
2022-01-19,34.21919170825485,0.0,1.0,0.003088419143371768,0.002588419143371768,1.0,1.2221414517384903
2022-01-20,33.58287653310317,0.0,0.0,-0.018595271933269486,-0.0005,1.0,1.2215303810126212
2022-01-21,33.32608149882933,-1.0,0.0,-0.007646606270332756,-0.0,0.0,1.2215303810126212
2022-01-24,33.62050509851078,-1.0,-1.0,0.008834630008685451,-0.009334630008685452,1.0,1.2101278468615
2022-01-25,33.524398313573286,-1.0,-1.0,-0.0028585764745621134,0.0028585764745621134,0.0,1.2135870898557508
2022-01-26,33.342550478906695,-1.0,-1.0,-0.005424342980466457,0.005424342980466457,0.0,1.2201700024677944
2022-01-27,33.872517313486725,-1.0,-1.0,0.01589460994938885,-0.01589460994938885,0.0,1.200775876206624
2022-01-28,33.4894630535196,0.0,-1.0,-0.011308703643782891,0.011308703643782891,0.0,1.2143550947332484
2022-01-31,33.2023234272209,-1.0,0.0,-0.008574028966658154,-0.0005,1.0,1.2137479171858818
2022-02-01,33.288153548678316,0.0,-1.0,0.002585063712350122,-0.003085063712350122,1.0,1.2100034275306313
2022-02-02,33.440529988372994,0.0,0.0,0.004577497501381478,-0.0005,1.0,1.209398425816866
2022-02-03,33.63306520561449,0.0,0.0,0.0057575408436540965,0.0,0.0,1.209398425816866
2022-02-04,33.98266764974232,0.0,0.0,0.010394605486908404,0.0,0.0,1.209398425816866
2022-02-07,34.06567733625205,0.0,0.0,0.0024427065987082663,0.0,0.0,1.209398425816866
2022-02-08,34.25916848999498,-1.0,0.0,0.005679944415401872,0.0,0.0,1.209398425816866
2022-02-09,34.16898889033391,-1.0,-1.0,-0.0026322763696791096,0.0021322763696791096,1.0,1.2119771975017624
2022-02-10,34.20089125468617,0.0,-1.0,0.0009336642782920013,-0.0009336642782920013,0.0,1.2108456176863505
2022-02-11,34.24984454856861,0.0,0.0,0.0014313455610819315,-0.0005,1.0,1.2102401948775074
2022-02-14,34.339795667634874,0.0,0.0,0.0026263219658910764,0.0,0.0,1.2102401948775074
2022-02-15,34.64343067389811,0.0,0.0,0.008842073761941682,0.0,0.0,1.2102401948775074
2022-02-16,34.86561460827586,0.0,0.0,0.006413450690527567,0.0,0.0,1.2102401948775074
2022-02-17,34.891017436422864,0.0,0.0,0.000728592581327181,0.0,0.0,1.2102401948775074
2022-02-18,34.587652892643845,-1.0,0.0,-0.008694631629238003,-0.0,0.0,1.2102401948775074
2022-02-21,34.62185496991746,-1.0,-1.0,0.0009888522178642667,-0.0014888522178642667,1.0,1.2084383260792158
2022-02-22,34.619343703716716,-1.0,-1.0,-7.253413206553816e-05,7.253413206553816e-05,0.0,1.2085259791043526
2022-02-23,34.70183209553589,-1.0,-1.0,0.002382725464848079,-0.002382725464848079,0.0,1.2056463934790103
2022-02-24,35.56970285334774,0.0,-1.0,0.025009364215196506,-0.025009364215196506,0.0,1.1754939437097556
2022-02-25,35.37216744658105,0.0,0.0,-0.0055534736284168496,-0.0005,1.0,1.1749061967379009
2022-02-28,35.546627180663634,-1.0,0.0,0.004932118857179146,0.0,0.0,1.1749061967379009
2022-03-01,35.97878163083879,-1.0,-1.0,0.012157396761688588,-0.012657396761688589,1.0,1.1600349428480228
2022-03-02,36.026472083430654,-1.0,-1.0,0.001325516052244291,-0.001325516052244291,0.0,1.1584972979101134
2022-03-03,36.98127448269702,-1.0,-1.0,0.026502800414517802,-0.026502800414517802,0.0,1.1277938752428434
2022-03-04,36.83536831034563,0.0,-1.0,-0.003945406814458319,0.003945406814458319,0.0,1.1322434808835309
2022-03-07,36.976764829473815,-1.0,0.0,0.003838607447518738,-0.0005,1.0,1.131677359143089
2022-03-08,36.65945981831437,-1.0,-1.0,-0.008581199913588078,0.008081199913588077,1.0,1.140822670120006
2022-03-09,36.52555902184772,0.0,-1.0,-0.0036525578153705496,0.0036525578153705496,0.0,1.1449895908797048
2022-03-10,36.63522750801584,-1.0,0.0,0.0030025135577671502,-0.0005,1.0,1.144417096084265
2022-03-11,36.989397238136576,0.0,-1.0,0.009667463646656715,-0.010167463646656716,1.0,1.132781276863216
2022-03-14,37.129329010463316,-1.0,0.0,0.0037830238602123423,-0.0005,1.0,1.1322148862247845
2022-03-15,37.66024561821714,-1.0,-1.0,0.014299116679544754,-0.014799116679544755,1.0,1.1154591060172265
2022-03-16,37.62957325693338,-1.0,-1.0,-0.0008144493159897293,0.0008144493159897293,0.0,1.116367590923137
2022-03-17,37.500175793050616,-1.0,-1.0,-0.0034387172822619716,0.0034387172822619716,0.0,1.1202064634514017
2022-03-18,38.650614924984424,-1.0,-1.0,0.0306782330376969,-0.0306782330376969,0.0,1.0858405085153053
2022-03-21,38.8291664338287,0.0,-1.0,0.00461962918806913,-0.00461962918806913,0.0,1.0808243280085803
2022-03-22,38.52983630391518,-1.0,0.0,-0.007708899196268604,-0.0005,1.0,1.080283915844576
2022-03-23,38.243504629517076,-1.0,-1.0,-0.007431427222778231,0.00693142722277823,1.0,1.0877718251871906
2022-03-24,37.854897921330824,0.0,-1.0,-0.01016137804186279,0.01016137804186279,0.0,1.0988250859262048
2022-03-25,38.25912811054814,-1.0,0.0,0.010678411814961875,-0.0005,1.0,1.0982756733832417
2022-03-28,38.11395296925026,-1.0,-1.0,-0.0037945229927456303,0.0032945229927456303,1.0,1.101893967841576
2022-03-29,38.17689892104196,0.0,-1.0,0.0016515198998772185,-0.0016515198998772185,0.0,1.100074168026131
2022-03-30,38.15911176216725,0.0,0.0,-0.0004659141883550655,-0.0005,1.0,1.099524130942118
2022-03-31,38.47900201835252,0.0,0.0,0.008383063478495822,0.0,0.0,1.099524130942118
2022-04-01,38.128535670907,0.0,0.0,-0.009107989528376104,-0.0,0.0,1.099524130942118
2022-04-04,37.68553146970146,-1.0,0.0,-0.01161870482069316,-0.0,0.0,1.099524130942118
2022-04-05,37.788359678257,-1.0,-1.0,0.002728585866918598,-0.003228585866918598,1.0,1.0959742228726224
2022-04-06,38.050035439234875,-1.0,-1.0,0.006924771628243898,-0.006924771628243898,0.0,1.0883848516687873
2022-04-07,38.19967022334972,0.0,-1.0,0.003932579362608157,-0.003932579362608157,0.0,1.0841046918625392
2022-04-08,37.86740056391913,-1.0,0.0,-0.008698233714789838,-0.0005,1.0,1.083562639516608
2022-04-11,38.1619879238532,0.0,-1.0,0.007779444998787577,-0.008279444998787577,1.0,1.0745913422399893
2022-04-12,37.85756698094466,0.0,0.0,-0.007977072460584655,-0.0005,1.0,1.0740540465688693
2022-04-13,37.6482585073624,0.0,0.0,-0.00552884113465657,-0.0,0.0,1.0740540465688693
2022-04-14,37.265174114841315,-1.0,0.0,-0.01017535492235766,-0.0,0.0,1.0740540465688693
2022-04-15,37.81565626215731,-1.0,-1.0,0.014772026708356645,-0.015272026708356645,1.0,1.057651064483451
2022-04-18,38.091227904017764,0.0,-1.0,0.007287236798167562,-0.007287236798167562,0.0,1.049943710726726
2022-04-19,38.35671645463278,-1.0,0.0,0.006969808148059586,-0.0005,1.0,1.0494187388713627
2022-04-20,38.90004953116273,0.0,-1.0,0.014165265610589728,-0.014665265610589728,1.0,1.0340287343290842
2022-04-21,40.14176617960256,0.0,0.0,0.03192069581929702,-0.0005,1.0,1.0335117199619197
2022-04-22,39.39761653008856,0.0,0.0,-0.018538039561700415,-0.0,0.0,1.0335117199619197
2022-04-25,39.085715411806646,-1.0,0.0,-0.00791675095481248,-0.0,0.0,1.0335117199619197
2022-04-26,38.82885491228707,0.0,-1.0,-0.006571723117084982,0.006071723117084982,1.0,1.0397869169637908
2022-04-27,38.47346363700333,-1.0,0.0,-0.009152762194160946,-0.0005,1.0,1.039267023505309
2022-04-28,38.02560401236127,0.0,-1.0,-0.011640740975847885,0.011140740975847885,1.0,1.050845228218922
2022-04-29,37.90850817389925,0.0,0.0,-0.0030793945685637647,-0.0005,1.0,1.0503198056048126
2022-05-02,37.40952077000414,0.0,0.0,-0.013162939612555657,-0.0,0.0,1.0503198056048126
2022-05-03,37.55768185257082,1.0,0.0,0.003960518058426343,0.0,0.0,1.0503198056048126
2022-05-04,37.58816372426514,1.0,1.0,0.0008116015204018279,0.00031160152040182786,1.0,1.0506470868531472
2022-05-05,37.79816082623376,1.0,1.0,0.005586787998187237,0.005586787998187237,0.0,1.0565168293883087
2022-05-06,38.02058430285392,0.0,1.0,0.005884505271107843,0.005884505271107843,0.0,1.0627339082398584
2022-05-09,38.28473727007954,-1.0,0.0,0.006947630397300175,-0.0005,1.0,1.0622025412857385
2022-05-10,38.13564610900902,-1.0,-1.0,-0.003894271495681223,0.003394271495681223,1.0,1.0658079450942648
2022-05-11,39.05240886004624,-1.0,-1.0,0.02403952324333747,-0.02403952324333747,0.0,1.0401864302252375
2022-05-12,39.16336659005803,0.0,-1.0,0.0028412518779425966,-0.0028412518779425966,0.0,1.0372309985769497
2022-05-13,38.37209832371286,0.0,0.0,-0.020204296393304455,-0.0005,1.0,1.0367123830776612
2022-05-16,37.95705491789509,-1.0,0.0,-0.010816281202982392,-0.0,0.0,1.0367123830776612
2022-05-17,37.24048957562995,-1.0,-1.0,-0.018878317714984605,0.018378317714984604,1.0,1.0557654126329212
2022-05-18,37.25651699328304,1.0,-1.0,0.0004303761265151973,-0.0004303761265151973,0.0,1.0553110364041236
2022-05-19,37.21509759278538,1.0,1.0,-0.0011117357133820782,-0.0021117357133820782,2.0,1.0530824983998228
2022-05-20,37.03114100613515,1.0,1.0,-0.004943063394945768,-0.004943063394945768,0.0,1.0478770448501247
2022-05-23,37.87504135866248,1.0,1.0,0.02278893735376708,0.02278893735376708,0.0,1.0717570491796646
2022-05-24,38.115346680509184,-1.0,1.0,0.006344688037990709,0.006344688037990709,0.0,1.078557013309227
2022-05-25,38.43257157766806,-1.0,-1.0,0.008322760378330463,-0.009322760378330464,2.0,1.0685018847197774
2022-05-26,38.046939252482034,-1.0,-1.0,-0.01003399744944733,0.01003399744944733,0.0,1.0792232299057853
2022-05-27,37.636760996308595,-1.0,-1.0,-0.010780847664288218,0.010780847664288218,0.0,1.0908581711431606
2022-05-30,37.66108808359095,1.0,-1.0,0.0006463650600734283,-0.0006463650600734283,0.0,1.0901530785358382
2022-05-31,37.74238121502913,-1.0,1.0,0.002158544417456776,0.0011585444174567758,2.0,1.0914160692991492
2022-06-01,36.98235401239676,0.0,-1.0,-0.0201372350700999,0.0191372350700999,2.0,1.1123027551766116
2022-06-02,36.917286831731985,1.0,0.0,-0.0017594115464625304,-0.0005,1.0,1.1117466037990233
2022-06-03,36.93183923858418,1.0,1.0,0.00039418950039649125,-0.00010581049960350876,1.0,1.1116289693354429
2022-06-06,36.85262226054268,1.0,1.0,-0.00214495079786714,-0.00214495079786714,0.0,1.1092445798907347
2022-06-07,36.530475101001784,0.0,1.0,-0.008741498970232353,-0.008741498970232353,0.0,1.099548119537884
2022-06-08,36.32125611876562,0.0,0.0,-0.005727245037402406,-0.0005,1.0,1.0989983454781151
2022-06-09,36.25873807914953,0.0,0.0,-0.0017212521343331622,-0.0,0.0,1.0989983454781151
2022-06-10,36.30390074316286,0.0,0.0,0.0012455663491306446,0.0,0.0,1.0989983454781151
2022-06-13,36.55685017866329,0.0,0.0,0.006967555285310789,0.0,0.0,1.0989983454781151
2022-06-14,37.00637112820983,0.0,0.0,0.012296490188558495,0.0,0.0,1.0989983454781151
2022-06-15,36.89458398877073,0.0,0.0,-0.003020753887264749,-0.0,0.0,1.0989983454781151
2022-06-16,36.71720607624316,0.0,0.0,-0.004807695150636615,-0.0,0.0,1.0989983454781151
2022-06-17,36.90458657927557,0.0,0.0,0.005103343174949648,0.0,0.0,1.0989983454781151
2022-06-20,37.164215446981935,0.0,0.0,0.0070351382245847915,0.0,0.0,1.0989983454781151
2022-06-21,36.99454544174075,0.0,0.0,-0.004565413347235481,-0.0,0.0,1.0989983454781151
2022-06-22,37.3290422282126,0.0,0.0,0.009041786633075866,0.0,0.0,1.0989983454781151
2022-06-23,37.745654344080776,0.0,0.0,0.011160535899131796,0.0,0.0,1.0989983454781151
2022-06-24,38.299211979455244,0.0,0.0,0.014665466660833681,0.0,0.0,1.0989983454781151
2022-06-27,39.071120394339594,0.0,0.0,0.02015468138870391,0.0,0.0,1.0989983454781151
2022-06-28,38.706818039573925,0.0,0.0,-0.009324082623912822,-0.0,0.0,1.0989983454781151
2022-06-29,38.72200121525679,-1.0,0.0,0.00039226101374034705,0.0,0.0,1.0989983454781151
2022-06-30,38.73606491155181,-1.0,-1.0,0.00036319652532523783,-0.0008631965253252378,1.0,1.0980496939249602
2022-07-01,38.7031825717924,0.0,-1.0,-0.0008488817806995286,0.0008488817806995286,0.0,1.0989818083044358
2022-07-04,38.43473385581158,0.0,0.0,-0.006936088924544115,-0.0005,1.0,1.0984323174002837
2022-07-05,37.81588718169229,0.0,0.0,-0.016101234795612207,-0.0,0.0,1.0984323174002837
2022-07-06,37.86377834048039,1.0,0.0,0.0012664295976450024,0.0,0.0,1.0984323174002837
2022-07-07,37.55153690367196,0.0,1.0,-0.008246441599163101,-0.008746441599163102,1.0,1.0888249432855086
2022-07-08,37.596306276173536,-1.0,0.0,0.0011922114563891473,-0.0005,1.0,1.0882805308138659
2022-07-11,37.275652896876764,0.0,-1.0,-0.008528853258650715,0.008028853258650714,1.0,1.097018175500017
2022-07-12,36.83272092407391,0.0,0.0,-0.011882608039843756,-0.0005,1.0,1.096469666412267
2022-07-13,36.93731759491917,0.0,0.0,0.0028397758357541214,0.0,0.0,1.096469666412267
2022-07-14,37.00798546713307,0.0,0.0,0.001913183653152295,0.0,0.0,1.096469666412267
2022-07-15,37.25530246860744,0.0,0.0,0.006682800978021763,0.0,0.0,1.096469666412267
2022-07-18,38.17828725630701,0.0,0.0,0.02477458848917702,0.0,0.0,1.096469666412267
2022-07-19,38.30495840857972,0.0,0.0,0.0033178846243759885,0.0,0.0,1.096469666412267
2022-07-20,38.520691039497564,-1.0,0.0,0.005631976639074443,0.0,0.0,1.096469666412267
2022-07-21,38.07229090492262,-1.0,-1.0,-0.011640500792552633,0.011140500792552632,1.0,1.1086848875999429
2022-07-22,37.5418740511726,0.0,-1.0,-0.013931834442918678,0.013931834442918678,0.0,1.1241309019033512
2022-07-25,38.215600030025925,1.0,0.0,0.017945986871485964,-0.0005,1.0,1.1235688364523995
2022-07-26,37.835330061552185,-1.0,1.0,-0.009950647593521045,-0.010450647593521045,1.0,1.111826814495573
2022-07-27,37.4088480423248,-1.0,-1.0,-0.011272057585689499,0.010272057585689498,2.0,1.1232475635593853
2022-07-28,37.4015393347843,1.0,-1.0,-0.00019537376644762627,0.00019537376644762627,0.0,1.123467016666531
2022-07-29,37.37305529094803,1.0,1.0,-0.0007615741047797275,-0.0017615741047797276,2.0,1.1214879462623972
2022-08-01,37.00977406312017,-1.0,1.0,-0.009720404847816999,-0.009720404847816999,0.0,1.11058662939278
2022-08-02,36.89363015562856,1.0,-1.0,-0.0031381955289304653,0.0021381955289304653,2.0,1.1129612807582376
2022-08-03,37.40884013247335,0.0,1.0,0.013964740652288254,0.012964740652288254,2.0,1.1273905351193065
2022-08-04,37.08487192827079,0.0,0.0,-0.008660204461173104,-0.0005,1.0,1.126826839851747
2022-08-05,36.5249514653862,0.0,0.0,-0.015098352340749188,-0.0,0.0,1.126826839851747
2022-08-08,36.91744560103242,1.0,0.0,0.010745918061470183,0.0,0.0,1.126826839851747
2022-08-09,37.12833371763968,1.0,1.0,0.005712424388359061,0.00521242438835906,1.0,1.1327003395532478
2022-08-10,36.88256040695478,-1.0,1.0,-0.006619562099231202,-0.006619562099231202,0.0,1.1252023593157547
2022-08-11,36.249859223700334,0.0,-1.0,-0.017154481041265823,0.016154481041265822,2.0,1.1433794194969085
2022-08-12,35.96038749475523,1.0,0.0,-0.007985458016781632,-0.0005,1.0,1.1428077297871602
2022-08-15,35.94714174874842,1.0,1.0,-0.00036834269399188546,-0.0008683426939918855,1.0,1.141815381044362
2022-08-16,36.42340007524965,1.0,1.0,0.013248851044403542,0.013248851044403542,0.0,1.1569431229480278
2022-08-17,36.01577301678323,-1.0,1.0,-0.01119135109913627,-0.01119135109913627,0.0,1.1439953662573852
2022-08-18,35.9906077552123,0.0,-1.0,-0.0006987289030059296,-0.0003012710969940704,2.0,1.1436507135184366
2022-08-19,36.26965366215797,0.0,0.0,0.007753297994954167,-0.0005,1.0,1.1430788881616774
2022-08-22,35.33303948402089,0.0,0.0,-0.025823631702177052,-0.0,0.0,1.1430788881616774
2022-08-23,35.74885096745949,1.0,0.0,0.011768347402624446,0.0,0.0,1.1430788881616774
2022-08-24,35.2916518125437,-1.0,1.0,-0.012789198604787555,-0.013289198604787555,1.0,1.1278882857959571
2022-08-25,35.43022816353299,1.0,-1.0,0.003926604278126744,-0.004926604278126744,2.0,1.1223316265419057
2022-08-26,35.53572113130048,1.0,1.0,0.0029774848550387922,0.001977484855038792,2.0,1.1245510203357234
2022-08-29,35.97417350982627,-1.0,1.0,0.012338356013819496,0.012338356013819496,0.0,1.1384261311803294
2022-08-30,36.20319769825052,0.0,-1.0,0.006366350247398733,-0.007366350247398733,2.0,1.130040085567264
2022-08-31,35.26985470864295,-1.0,0.0,-0.02578067819828711,-0.0005,1.0,1.1294750655244805
2022-09-01,34.97263524771123,-1.0,-1.0,-0.008427011207927881,0.007927011207927881,1.0,1.1384284270279683
2022-09-02,35.03460457909752,1.0,-1.0,0.0017719377149407745,-0.0017719377149407745,0.0,1.1364112027623567
2022-09-05,34.96727544251635,1.0,1.0,-0.0019217895389445072,-0.0029217895389445072,2.0,1.1330908483981863
2022-09-06,35.16129775219358,1.0,1.0,0.005548682510199798,0.005548682510199798,0.0,1.1393780097711608
2022-09-07,35.47881476023756,0.0,1.0,0.009030298320663377,0.009030298320663377,0.0,1.149666933099398
2022-09-08,35.727465153651444,0.0,0.0,0.007008418829496987,-0.0005,1.0,1.1490920996328484
2022-09-09,35.65117704526679,0.0,0.0,-0.002135279064903295,-0.0,0.0,1.1490920996328484
2022-09-12,34.93712430756493,0.0,0.0,-0.020028868522215082,-0.0,0.0,1.1490920996328484
2022-09-13,34.769417446920315,1.0,0.0,-0.0048002479874481585,-0.0,0.0,1.1490920996328484
2022-09-14,34.938610745294504,1.0,1.0,0.004866152808929991,0.004366152808929991,1.0,1.1541092113313798
2022-09-15,34.526974746671925,0.0,1.0,-0.011781693371366142,-0.011781693371366142,0.0,1.1405118504864042
2022-09-16,34.77775321148102,1.0,0.0,0.0072632620334993625,-0.0005,1.0,1.139941594561161
2022-09-19,35.13814597551813,0.0,1.0,0.010362738554316131,0.00986273855431613,1.0,1.1511845404755081
2022-09-20,35.19598397033781,0.0,0.0,0.0016460172616954427,-0.0005,1.0,1.1506089482052704
2022-09-21,34.02862496915585,0.0,0.0,-0.033167392113991556,-0.0,0.0,1.1506089482052704
2022-09-22,33.557824814216694,-1.0,0.0,-0.013835415194292988,-0.0,0.0,1.1506089482052704
2022-09-23,34.275138272504066,1.0,-1.0,0.02137544558559945,-0.02187544558559945,1.0,1.1254388647685023
2022-09-26,34.07619045872825,-1.0,1.0,-0.005804435045428158,-0.006804435045428158,2.0,1.1177808891155847
2022-09-27,33.342701282268244,-1.0,-1.0,-0.021524975843422944,0.020524975843422943,2.0,1.1407233148629219
2022-09-28,33.8105244168356,1.0,-1.0,0.01403075085629446,-0.01403075085629446,0.0,1.124718110236114
2022-09-29,33.82358348478541,-1.0,1.0,0.0003862426914416073,-0.0006137573085583927,2.0,1.1240278062758886
2022-09-30,34.24863874729773,-1.0,-1.0,0.012566831149145363,-0.013566831149145364,2.0,1.1087783108211993
2022-10-03,34.36214573221499,-1.0,-1.0,0.00331420427406659,-0.00331420427406659,0.0,1.1051035930044832
2022-10-04,34.54551274974734,-1.0,-1.0,0.0053363087090465555,-0.0053363087090465555,0.0,1.0992064190767348
2022-10-05,34.69308641209062,-1.0,-1.0,0.004271861975601032,-0.004271861975601032,0.0,1.0945107609717444
2022-10-06,34.970734236177655,-1.0,-1.0,0.008002972718802903,-0.008002972718802903,0.0,1.0857514212112513
2022-10-07,35.873519958351864,0.0,-1.0,0.025815463755412438,-0.025815463755412438,0.0,1.0577222447495847
2022-10-10,36.27043763641636,0.0,0.0,0.011064363868538818,-0.0005,1.0,1.0571933836272098
2022-10-11,35.64895947105411,0.0,0.0,-0.017134564837405497,-0.0,0.0,1.0571933836272098
2022-10-12,35.83446614429155,-1.0,0.0,0.005203705128842717,0.0,0.0,1.0571933836272098
2022-10-13,36.29949452192788,-1.0,-1.0,0.012977125869933381,-0.013477125869933382,1.0,1.0429454553272053
2022-10-14,36.7955238981457,-1.0,-1.0,0.013664911392035517,-0.013664911392035517,0.0,1.028693698093433
2022-10-17,36.630621672981995,0.0,-1.0,-0.004481583836669301,0.004481583836669301,0.0,1.033303875143692
2022-10-18,37.11563589656103,0.0,0.0,0.013240676827954934,-0.0005,1.0,1.0327872232061202
2022-10-19,37.50830104596572,-1.0,0.0,0.010579507528822196,0.0,0.0,1.0327872232061202
2022-10-20,38.60268205702928,-1.0,-1.0,0.029177034964138038,-0.029677034964138038,1.0,1.0021371606725171
2022-10-21,38.29213853679042,0.0,-1.0,-0.008044609951714743,0.008044609951714743,0.0,1.0101989632482464
2022-10-24,38.086396891209866,-1.0,0.0,-0.00537294738404015,-0.0005,1.0,1.0096938637666224
2022-10-25,37.96639201154406,-1.0,-1.0,-0.0031508593477242997,0.0026508593477242996,1.0,1.012370420183728
2022-10-26,37.769593364086006,-1.0,-1.0,-0.0051834961667733825,0.0051834961667733825,0.0,1.017618038376105
2022-10-27,37.407635571019334,-1.0,-1.0,-0.009583311887356616,0.009583311887356616,0.0,1.0273701894200633
2022-10-28,36.28786077826863,0.0,-1.0,-0.0299343910850709,0.0299343910850709,0.0,1.0581238904593069
2022-10-31,36.121991836552844,-1.0,0.0,-0.00457092091289979,-0.0005,1.0,1.0575948285140773
2022-11-01,36.278853542713115,-1.0,-1.0,0.004342554166726131,-0.004842554166726132,1.0,1.0524733682705485
2022-11-02,36.089601974641084,-1.0,-1.0,-0.005216580723787612,0.005216580723787612,0.0,1.0579636805557684
2022-11-03,36.88114241659613,-1.0,-1.0,0.021932645378334392,-0.021932645378334392,0.0,1.0347597383269813
2022-11-04,36.89539575993179,0.0,-1.0,0.000386466969343191,-0.000386466969343191,0.0,1.0343598378669117
2022-11-07,37.43621109474608,-1.0,0.0,0.014658071113621496,-0.0005,1.0,1.0338426579479782
2022-11-08,37.55381231560329,-1.0,-1.0,0.003141376154749631,-0.003641376154749631,1.0,1.0300780479455636
2022-11-09,37.9084991038073,-1.0,-1.0,0.009444761166275573,-0.009444761166275573,0.0,1.0203492068000943
2022-11-10,38.0350982765669,-1.0,-1.0,0.003339598658678611,-0.003339598658678611,0.0,1.0169416499576809
2022-11-11,38.625903444119665,-1.0,-1.0,0.015533157381553364,-0.015533157381553364,0.0,1.0011453352610318
2022-11-14,38.65906999693873,0.0,-1.0,0.0008586608949368024,-0.0008586608949368024,0.0,1.0002856909114948
2022-11-15,38.88155533131271,-1.0,0.0,0.005755061733031752,-0.0005,1.0,0.999785548066039
2022-11-16,39.049090884623006,-1.0,-1.0,0.004308869639671364,-0.004808869639671365,1.0,0.9949777096977621
2022-11-17,38.93374992195809,-1.0,-1.0,-0.002953742585344976,0.002953742585344976,0.0,0.9979166177303654
2022-11-18,39.11826912305849,-1.0,-1.0,0.004739312331081935,-0.004739312331081935,0.0,0.9931871791985644
2022-11-21,40.10897963508466,-1.0,-1.0,0.02532603139749323,-0.02532603139749323,0.0,0.9680336895145938
2022-11-22,39.99844010685006,-1.0,-1.0,-0.0027559795646834306,0.0027559795646834306,0.0,0.9707015705808211
2022-11-23,40.19445862040742,-1.0,-1.0,0.0049006539513472,-0.0049006539513472,0.0,0.9659444980933752
2022-11-24,40.76860004384601,-1.0,-1.0,0.014284093955854171,-0.014284093955854171,0.0,0.9521468561264691
2022-11-25,41.29709727807022,-1.0,-1.0,0.012963340258331568,-0.012963340258331568,0.0,0.939803852454601
2022-11-28,41.312297186235014,-1.0,-1.0,0.00036806238613928954,-0.00036806238613928954,0.0,0.9394579460061636
2022-11-29,40.24451709846981,-1.0,-1.0,-0.025846543535249955,0.025846543535249955,0.0,0.9637396867071484
2022-11-30,40.48536420120968,-1.0,-1.0,0.005984594178396252,-0.005984594178396252,0.0,0.9579720957885913
2022-12-01,39.510695550310245,-1.0,-1.0,-0.02407459263686973,0.02407459263686973,0.0,0.9810348837521901
2022-12-02,40.169445163953526,-1.0,-1.0,0.016672690887065578,-0.016672690887065578,0.0,0.9646783923859614
2022-12-05,40.2545757641884,-1.0,-1.0,0.0021192874307178755,-0.0021192874307178755,0.0,0.9626339615942927
2022-12-06,40.712905065665375,-1.0,-1.0,0.01138576901572308,-0.01138576901572308,0.0,0.9516736336608896
2022-12-07,40.31733587377976,-1.0,-1.0,-0.009716064015761194,0.009716064015761194,0.0,0.9609201556076509
2022-12-08,39.63874532824869,-1.0,-1.0,-0.016831234773436288,0.016831234773436288,0.0,0.9770936283452102
2022-12-09,39.76297191757675,-1.0,-1.0,0.00313396875454397,-0.00313396875454397,0.0,0.9740314474437123
2022-12-12,39.75762556153326,-1.0,-1.0,-0.00013445564518088648,0.00013445564518088648,0.0,0.9741624114704047
2022-12-13,39.55096381830189,-1.0,-1.0,-0.005198040383762814,0.005198040383762814,0.0,0.9792261470255716
2022-12-14,39.5975320688099,0.0,-1.0,0.0011774239111326246,-0.0011774239111326246,0.0,0.9780731827456575
2022-12-15,40.84103497720254,0.0,0.0,0.03140354571168147,-0.0005,1.0,0.9775841461542847
2022-12-16,41.23047964485567,-1.0,0.0,0.009535621902591718,0.0,0.0,0.9775841461542847
2022-12-19,41.7229618907143,-1.0,-1.0,0.011944615975867823,-0.012444615975867823,1.0,0.965418486871298
2022-12-20,42.125211529031716,-1.0,-1.0,0.009640965552039082,-0.009640965552039082,0.0,0.9561109204960702
2022-12-21,42.83207508658195,-1.0,-1.0,0.016780059539002634,-0.016780059539002634,0.0,0.9400673223242555
2022-12-22,42.7520872363319,-1.0,-1.0,-0.001867475486264869,0.001867475486264869,0.0,0.9418228750041348
2022-12-23,41.79911059235308,-1.0,-1.0,-0.022290762991542423,0.022290762991542423,0.0,0.9628168254908649
2022-12-26,41.721738934288595,-1.0,-1.0,-0.00185103599019254,0.00185103599019254,0.0,0.9645990340868114
2022-12-27,42.108940652967455,-1.0,-1.0,0.009280574793123941,-0.009280574793123941,0.0,0.9556470006055936
2022-12-28,41.66852486108629,-1.0,-1.0,-0.010458961566161551,0.010458961566161551,0.0,0.9656420758557451
2022-12-29,41.59703029918866,-1.0,-1.0,-0.0017157929668971672,0.0017157929668971672,0.0,0.9672989177380384
2022-12-30,41.289046667045575,-1.0,-1.0,-0.0074039812440430675,0.0074039812440430675,0.0,0.974460780782354
2023-01-02,41.992384532951604,-1.0,-1.0,0.01703449032325066,-0.01703449032325066,0.0,0.9578613380417297
2023-01-03,42.352844054591095,-1.0,-1.0,0.008583926005836462,-0.008583926005836462,0.0,0.949639127192128
2023-01-04,42.67005019056771,-1.0,-1.0,0.00748960649650221,-0.00748960649650221,0.0,0.9425267038157771
2023-01-05,42.97536464405727,-1.0,-1.0,0.007155240083524861,-0.007155240083524861,0.0,0.9357826989648419
2023-01-06,42.96784952638956,-1.0,-1.0,-0.00017487036421814928,0.00017487036421814928,0.0,0.935946339626239
2023-01-09,43.07231916482083,-1.0,-1.0,0.0024313443559029757,-0.0024313443559029757,0.0,0.9336707317759606
2023-01-10,42.52016983674086,-1.0,-1.0,-0.012819122322322851,0.012819122322322851,0.0,0.9456395710953693
2023-01-11,41.511714016638095,-1.0,-1.0,-0.023717116464369803,0.023717116464369803,0.0,0.9680674149363548
2023-01-12,41.59074602821612,-1.0,-1.0,0.0019038484305018422,-0.0019038484305018422,0.0,0.9662243613078083
2023-01-13,41.750350765805,0.0,-1.0,0.003837506003874225,-0.003837506003874225,0.0,0.9625164695202001
2023-01-16,42.323945502116565,-1.0,0.0,0.01373868065274686,-0.0005,1.0,0.96203521128544
2023-01-17,43.07800071892178,-1.0,-1.0,0.017816278890338877,-0.018316278890338877,1.0,0.9444143060532099
2023-01-18,43.84484030442236,-1.0,-1.0,0.017801187908048632,-0.017801187908048632,0.0,0.9276026095281074
2023-01-19,43.372694956863405,-1.0,-1.0,-0.010768549828914176,0.010768549828914176,0.0,0.9375915444502415
2023-01-20,43.213918993763286,-1.0,-1.0,-0.0036607354755804344,0.0036607354755804344,0.0,0.9410238190786148
2023-01-23,43.45501146072927,-1.0,-1.0,0.005579046579894165,-0.005579046579894165,0.0,0.9357738033591853
2023-01-24,44.70276691511595,-1.0,-1.0,0.028713729727451343,-0.028713729727451343,0.0,0.9089042472835004
2023-01-25,45.45320304288768,-1.0,-1.0,0.016787241138712883,-0.016787241138712883,0.0,0.893646252512352
2023-01-26,46.03178317784739,-1.0,-1.0,0.012729138899491454,-0.012729138899491454,0.0,0.8822709052371123
2023-01-27,45.84521370964226,-1.0,-1.0,-0.0040530575903241495,0.0040530575903241495,0.0,0.8858468000263057
2023-01-30,45.409298697131184,-1.0,-1.0,-0.009508408342731589,0.009508408342731589,0.0,0.8942697931300578
2023-01-31,45.819125207210334,-1.0,-1.0,0.009025167131793577,-0.009025167131793577,0.0,0.8861988587861446
2023-02-01,45.27417108112397,-1.0,-1.0,-0.01189359516625188,0.01189359516625188,0.0,0.8967389492493415
2023-02-02,45.16539772135413,-1.0,-1.0,-0.002402547792093923,0.002402547792093923,0.0,0.8988934074319451
2023-02-03,45.11870084648834,-1.0,-1.0,-0.001033908195691935,0.001033908195691935,0.0,0.8998227806929425
2023-02-06,45.93353489092264,-1.0,-1.0,0.018059785169938447,-0.018059785169938447,0.0,0.8835721745826114
2023-02-07,45.764150256783424,-1.0,-1.0,-0.0036876028492353052,0.0036876028492353052,0.0,0.8868304378511072
2023-02-08,44.55370325958424,-1.0,-1.0,-0.02644967710330781,0.02644967710330781,0.0,0.910286816577654
2023-02-09,44.81424816146678,-1.0,-1.0,0.005847884301884321,-0.005847884301884321,0.0,0.9049635645927773
2023-02-10,44.47886789309462,-1.0,-1.0,-0.0074837865663566205,0.0074837865663566205,0.0,0.9117361187605189
2023-02-13,44.51049220129488,-1.0,-1.0,0.0007109962482918508,-0.0007109962482918508,0.0,0.9110878778006479
2023-02-14,44.478314022662424,-1.0,-1.0,-0.0007229346844095375,0.0007229346844095375,0.0,0.9117465348280551
2023-02-15,44.3541064176867,-1.0,-1.0,-0.0027925430112399896,0.0027925430112399896,0.0,0.9142926262419114
2023-02-16,44.755120537718014,0.0,-1.0,0.009041194884075177,-0.009041194884075177,0.0,0.9060263284269854
2023-02-17,44.01142021150818,0.0,0.0,-0.016617100284269548,-0.0005,1.0,0.905573315262772
2023-02-20,43.77028361322742,1.0,0.0,-0.005478955169406441,-0.0,0.0,0.905573315262772
2023-02-21,44.11399705243687,1.0,1.0,0.007852666485934856,0.007352666485934856,1.0,0.9122316938284615
2023-02-22,43.82510772059546,0.0,1.0,-0.006548699985132078,-0.006548699985132078,0.0,0.9062577621486501
2023-02-23,43.06059078135077,0.0,0.0,-0.01744472470253422,-0.0005,1.0,0.9058046332675758
2023-02-24,43.39128228694131,1.0,0.0,0.007679678787262834,0.0,0.0,0.9058046332675758
2023-02-27,43.94541739351529,1.0,1.0,0.012770655241519435,0.012270655241519435,1.0,0.9169194496385732
2023-02-28,43.933959472430786,-1.0,1.0,-0.00026073073744881103,-0.00026073073744881103,0.0,0.9166803805542878
2023-03-01,42.9993873542017,-1.0,-1.0,-0.021272203312691196,0.020272203312691195,2.0,0.9352635116016395
2023-03-02,43.347586203498814,1.0,-1.0,0.008097763031572391,-0.008097763031572391,0.0,0.9276899693126132
2023-03-03,42.56728533277073,1.0,1.0,-0.01800102241137247,-0.01900102241137247,2.0,0.9100629114148988
2023-03-06,42.7234413831067,1.0,1.0,0.0036684521720193874,0.0036684521720193874,0.0,0.9134014336789531
2023-03-07,42.3152088759735,1.0,1.0,-0.00955523464209107,-0.00955523464209107,0.0,0.9046736686577284
2023-03-08,41.78450492620641,1.0,1.0,-0.012541683330043019,-0.012541683330043019,0.0,0.8933275379883948
2023-03-09,41.590186282036775,1.0,1.0,-0.00465049530951267,-0.00465049530951267,0.0,0.8891731224631213
2023-03-10,41.515635516171386,1.0,1.0,-0.0017925085826698828,-0.0017925085826698828,0.0,0.8875792720096268
2023-03-13,41.229989877666135,1.0,1.0,-0.006880435165059318,-0.006880435165059318,0.0,0.881472340374714
2023-03-14,41.509857323293126,1.0,1.0,0.0067879581454515225,0.0067879581454515225,0.0,0.8874557377275507
2023-03-15,41.31491065934292,0.0,1.0,-0.004696394459559161,-0.004696394459559161,0.0,0.8832878955177831
2023-03-16,41.776287666729175,0.0,0.0,0.01116732433940082,-0.0005,1.0,0.8828462515700243
2023-03-17,41.91670136677676,0.0,0.0,0.0033610861062558506,0.0,0.0,0.8828462515700243
2023-03-20,41.603681294999426,0.0,0.0,-0.0074676694866413484,-0.0,0.0,0.8828462515700243
2023-03-21,41.21598276191271,0.0,0.0,-0.009318851626077485,-0.0,0.0,0.8828462515700243
2023-03-22,40.47961384030241,1.0,0.0,-0.0178661012613478,-0.0,0.0,0.8828462515700243
2023-03-23,40.61997444991432,1.0,1.0,0.003467439441632081,0.002967439441632081,1.0,0.8854660443578303
2023-03-24,40.47023336285029,1.0,1.0,-0.0036863904788680957,-0.0036863904788680957,0.0,0.8822018707625485
2023-03-27,39.42911049470458,1.0,1.0,-0.025725645286281074,-0.025725645286281074,0.0,0.8595066583644176
2023-03-28,39.204950831603846,1.0,1.0,-0.005685131119831932,-0.005685131119831932,0.0,0.8546202503132473
2023-03-29,38.824496653574585,1.0,1.0,-0.009704238111748142,-0.009704238111748142,0.0,0.8463268119090858
2023-03-30,39.518106954562676,1.0,1.0,0.017865274781977858,0.017865274781977858,0.0,0.8614466729591969
2023-03-31,38.7882913315742,-1.0,1.0,-0.018467879137723076,-0.018467879137723076,0.0,0.8455375799193927
2023-04-03,38.18246317142118,1.0,-1.0,-0.015618841133635208,0.014618841133635208,2.0,0.8578983594727527
2023-04-04,38.66445153212194,1.0,1.0,0.012623291444997964,0.011623291444997963,2.0,0.8678699621350903
2023-04-05,39.25979958597416,-1.0,1.0,0.015397814536632248,0.015397814536632248,0.0,0.8812332628539604
2023-04-06,38.94613683878534,-1.0,-1.0,-0.007989412847152488,0.006989412847152488,2.0,0.8873925659426901
2023-04-07,38.683369197436804,-1.0,-1.0,-0.0067469500874052235,0.0067469500874052235,0.0,0.89337975929304
2023-04-10,38.957840254549396,-1.0,-1.0,0.007095324497504718,-0.007095324497504718,0.0,0.8870409400013533
2023-04-11,37.97460626317835,-1.0,-1.0,-0.02523841118877801,0.02523841118877801,0.0,0.9094284439863876
2023-04-12,37.2078886533887,1.0,-1.0,-0.020190271479735955,0.020190271479735955,0.0,0.9277900511618665
2023-04-13,37.1010924481327,1.0,1.0,-0.002870257064324866,-0.003870257064324866,2.0,0.924199265162147
2023-04-14,37.753118512160604,-1.0,1.0,0.01757430902983348,0.01757430902983348,0.0,0.9404414286532516
2023-04-17,37.58012258605232,-1.0,-1.0,-0.004582294997764524,0.0035822949977645244,2.0,0.9438103672788068
2023-04-18,37.63116009709164,-1.0,-1.0,0.0013580985778438581,-0.0013580985778438581,0.0,0.9425285797612513
2023-04-19,38.11625388522006,0.0,-1.0,0.012890747637777755,-0.012890747637777755,0.0,0.9303786816981559
2023-04-20,39.02638047300637,0.0,0.0,0.023877650477588386,-0.0005,1.0,0.9299134923573068
2023-04-21,38.78681775658507,0.0,0.0,-0.006138481548064512,-0.0,0.0,0.9299134923573068
2023-04-24,38.78881250497389,0.0,0.0,5.142851371142676e-05,0.0,0.0,0.9299134923573068
2023-04-25,39.5897803218834,-1.0,0.0,0.020649454447897897,0.0,0.0,0.9299134923573068
2023-04-26,38.936516907638854,1.0,-1.0,-0.01650080927282782,0.01600080927282782,1.0,0.9447928607887454
2023-04-27,39.39202527192174,0.0,1.0,0.011698744532372851,0.01069874453237285,2.0,0.9549009582423338
2023-04-28,38.9590644493447,-1.0,0.0,-0.010991078005975208,-0.0005,1.0,0.9544235077632127
2023-05-01,39.01263887840615,0.0,-1.0,0.0013751467038205512,-0.0018751467038205512,1.0,0.9526338236685817
2023-05-02,38.917104389527104,0.0,0.0,-0.0024488086842011647,-0.0005,1.0,0.9521575067567475
2023-05-03,38.51510555769523,0.0,0.0,-0.01032961825238099,-0.0,0.0,0.9521575067567475
